25,-2,8LNWbBlL3DCK951XnUfGWgi1Mik=,4y/6eaJ9WX25enyNGxOvZqtrGrA=
26,-3,t7/r4ihgcyXMvE1oH7RT9Q9AztI=,4y/6eaJ9WX25enyNGxOvZqtrGrA=
25,-3,t7/r4ihgcyXMvE1oH7RT9Q9AztI=,4y/6eaJ9WX25enyNGxOvZqtrGrA=
26,-2,t7/r4ihgcyXMvE1oH7RT9Q9AztI=,4y/6eaJ9WX25enyNGxOvZqtrGrA=
28,-3,t7/r4ihgcyXMvE1oH7RT9Q9AztI=,hxvwOFv4uwh/mYNzlL2/55ezXOE=
27,-2,t7/r4ihgcyXMvE1oH7RT9Q9AztI=,4y/6eaJ9WX25enyNGxOvZqtrGrA=
29,-3,t7/r4ihgcyXMvE1oH7RT9Q9AztI=,hxvwOFv4uwh/mYNzlL2/55ezXOE=
30,-3,t7/r4ihgcyXMvE1oH7RT9Q9AztI=,hxvwOFv4uwh/mYNzlL2/55ezXOE=
28,-2,t7/r4ihgcyXMvE1oH7RT9Q9AztI=,hxvwOFv4uwh/mYNzlL2/55ezXOE=
29,-2,t7/r4ihgcyXMvE1oH7RT9Q9AztI=,hxvwOFv4uwh/mYNzlL2/55ezXOE=
30,-2,t7/r4ihgcyXMvE1oH7RT9Q9AztI=,hxvwOFv4uwh/mYNzlL2/55ezXOE=
27,-3,t7/r4ihgcyXMvE1oH7RT9Q9AztI=,4y/6eaJ9WX25enyNGxOvZqtrGrA=
21,-3,t7/r4ihgcyXMvE1oH7RT9Q9AztI=,p/PyyM/s4Z02jru0nUj17bR8ee0=
22,-3,t7/r4ihgcyXMvE1oH7RT9Q9AztI=,p/PyyM/s4Z02jru0nUj17bR8ee0=
23,-3,AkDhXXm/mIWoXZniXjC7NN/a+nM=,p/PyyM/s4Z02jru0nUj17bR8ee0=
21,-2,AkDhXXm/mIWoXZniXjC7NN/a+nM=,p/PyyM/s4Z02jru0nUj17bR8ee0=
22,-2,AkDhXXm/mIWoXZniXjC7NN/a+nM=,p/PyyM/s4Z02jru0nUj17bR8ee0=
23,-2,AkDhXXm/mIWoXZniXjC7NN/a+nM=,p/PyyM/s4Z02jru0nUj17bR8ee0=
21,-4,AkDhXXm/mIWoXZniXjC7NN/a+nM=,p/PyyM/s4Z02jru0nUj17bR8ee0=
24,-3,Lg/XlaWoBpSXC0WnPvLM1HomvG0=,4y/6eaJ9WX25enyNGxOvZqtrGrA=
24,-2,Lg/XlaWoBpSXC0WnPvLM1HomvG0=,4y/6eaJ9WX25enyNGxOvZqtrGrA=
22,-4,Lg/XlaWoBpSXC0WnPvLM1HomvG0=,p/PyyM/s4Z02jru0nUj17bR8ee0=
18,-4,Lg/XlaWoBpSXC0WnPvLM1HomvG0=,i1wAD7BD9+DYHmtQy1UzxFK2AKI=
18,-2,Lg/XlaWoBpSXC0WnPvLM1HomvG0=,i1wAD7BD9+DYHmtQy1UzxFK2AKI=
19,-2,Lg/XlaWoBpSXC0WnPvLM1HomvG0=,i1wAD7BD9+DYHmtQy1UzxFK2AKI=
20,-3,Lg/XlaWoBpSXC0WnPvLM1HomvG0=,p/PyyM/s4Z02jru0nUj17bR8ee0=
17,-3,Lg/XlaWoBpSXC0WnPvLM1HomvG0=,i1wAD7BD9+DYHmtQy1UzxFK2AKI=
20,-4,Lg/XlaWoBpSXC0WnPvLM1HomvG0=,p/PyyM/s4Z02jru0nUj17bR8ee0=
18,-3,Lg/XlaWoBpSXC0WnPvLM1HomvG0=,i1wAD7BD9+DYHmtQy1UzxFK2AKI=
19,-3,Lg/XlaWoBpSXC0WnPvLM1HomvG0=,i1wAD7BD9+DYHmtQy1UzxFK2AKI=
17,-4,Lg/XlaWoBpSXC0WnPvLM1HomvG0=,i1wAD7BD9+DYHmtQy1UzxFK2AKI=
17,-2,Lg/XlaWoBpSXC0WnPvLM1HomvG0=,i1wAD7BD9+DYHmtQy1UzxFK2AKI=
19,-4,Lg/XlaWoBpSXC0WnPvLM1HomvG0=,i1wAD7BD9+DYHmtQy1UzxFK2AKI=
31,-1,Lg/XlaWoBpSXC0WnPvLM1HomvG0=,hxvwOFv4uwh/mYNzlL2/55ezXOE=
31,-2,Lg/XlaWoBpSXC0WnPvLM1HomvG0=,hxvwOFv4uwh/mYNzlL2/55ezXOE=
31,-3,Lg/XlaWoBpSXC0WnPvLM1HomvG0=,hxvwOFv4uwh/mYNzlL2/55ezXOE=
29,-4,Lg/XlaWoBpSXC0WnPvLM1HomvG0=,hxvwOFv4uwh/mYNzlL2/55ezXOE=
30,-4,Lg/XlaWoBpSXC0WnPvLM1HomvG0=,hxvwOFv4uwh/mYNzlL2/55ezXOE=
16,-3,Lg/XlaWoBpSXC0WnPvLM1HomvG0=,i1wAD7BD9+DYHmtQy1UzxFK2AKI=
16,-2,Lg/XlaWoBpSXC0WnPvLM1HomvG0=,i1wAD7BD9+DYHmtQy1UzxFK2AKI=
16,-4,Lg/XlaWoBpSXC0WnPvLM1HomvG0=,i1wAD7BD9+DYHmtQy1UzxFK2AKI=
20,-2,Lg/XlaWoBpSXC0WnPvLM1HomvG0=,p/PyyM/s4Z02jru0nUj17bR8ee0=
30,-1,Lg/XlaWoBpSXC0WnPvLM1HomvG0=,hxvwOFv4uwh/mYNzlL2/55ezXOE=
21,-1,Lg/XlaWoBpSXC0WnPvLM1HomvG0=,p/PyyM/s4Z02jru0nUj17bR8ee0=
20,-1,Lg/XlaWoBpSXC0WnPvLM1HomvG0=,p/PyyM/s4Z02jru0nUj17bR8ee0=
18,-14,Lg/XlaWoBpSXC0WnPvLM1HomvG0=,MHbslT9DFvZf0SKHe4JNROYC1qI=
17,-13,Lg/XlaWoBpSXC0WnPvLM1HomvG0=,MHbslT9DFvZf0SKHe4JNROYC1qI=
18,-13,Lg/XlaWoBpSXC0WnPvLM1HomvG0=,MHbslT9DFvZf0SKHe4JNROYC1qI=
17,-14,Lg/XlaWoBpSXC0WnPvLM1HomvG0=,MHbslT9DFvZf0SKHe4JNROYC1qI=
17,-15,Lg/XlaWoBpSXC0WnPvLM1HomvG0=,MHbslT9DFvZf0SKHe4JNROYC1qI=
18,-15,Lg/XlaWoBpSXC0WnPvLM1HomvG0=,MHbslT9DFvZf0SKHe4JNROYC1qI=
18,-1,Lg/XlaWoBpSXC0WnPvLM1HomvG0=,i1wAD7BD9+DYHmtQy1UzxFK2AKI=
19,-1,Lg/XlaWoBpSXC0WnPvLM1HomvG0=,i1wAD7BD9+DYHmtQy1UzxFK2AKI=
19,-13,Lg/XlaWoBpSXC0WnPvLM1HomvG0=,MHbslT9DFvZf0SKHe4JNROYC1qI=
19,-14,Lg/XlaWoBpSXC0WnPvLM1HomvG0=,MHbslT9DFvZf0SKHe4JNROYC1qI=
19,-15,Lg/XlaWoBpSXC0WnPvLM1HomvG0=,MHbslT9DFvZf0SKHe4JNROYC1qI=
16,-1,Lg/XlaWoBpSXC0WnPvLM1HomvG0=,i1wAD7BD9+DYHmtQy1UzxFK2AKI=
23,-4,Lg/XlaWoBpSXC0WnPvLM1HomvG0=,p/PyyM/s4Z02jru0nUj17bR8ee0=
17,-1,Lg/XlaWoBpSXC0WnPvLM1HomvG0=,i1wAD7BD9+DYHmtQy1UzxFK2AKI=
28,-4,Lg/XlaWoBpSXC0WnPvLM1HomvG0=,hxvwOFv4uwh/mYNzlL2/55ezXOE=
27,-4,Lg/XlaWoBpSXC0WnPvLM1HomvG0=,4y/6eaJ9WX25enyNGxOvZqtrGrA=
24,-4,Lg/XlaWoBpSXC0WnPvLM1HomvG0=,4y/6eaJ9WX25enyNGxOvZqtrGrA=
25,-4,Lg/XlaWoBpSXC0WnPvLM1HomvG0=,4y/6eaJ9WX25enyNGxOvZqtrGrA=
26,-4,Lg/XlaWoBpSXC0WnPvLM1HomvG0=,4y/6eaJ9WX25enyNGxOvZqtrGrA=
31,-4,Lg/XlaWoBpSXC0WnPvLM1HomvG0=,hxvwOFv4uwh/mYNzlL2/55ezXOE=
16,-13,Lg/XlaWoBpSXC0WnPvLM1HomvG0=,MHbslT9DFvZf0SKHe4JNROYC1qI=
16,-15,Lg/XlaWoBpSXC0WnPvLM1HomvG0=,MHbslT9DFvZf0SKHe4JNROYC1qI=
16,-14,Lg/XlaWoBpSXC0WnPvLM1HomvG0=,MHbslT9DFvZf0SKHe4JNROYC1qI=
22,-1,Lg/XlaWoBpSXC0WnPvLM1HomvG0=,p/PyyM/s4Z02jru0nUj17bR8ee0=
26,-1,Lg/XlaWoBpSXC0WnPvLM1HomvG0=,4y/6eaJ9WX25enyNGxOvZqtrGrA=
28,-1,Lg/XlaWoBpSXC0WnPvLM1HomvG0=,hxvwOFv4uwh/mYNzlL2/55ezXOE=
17,-16,Lg/XlaWoBpSXC0WnPvLM1HomvG0=,MHbslT9DFvZf0SKHe4JNROYC1qI=
18,-16,Lg/XlaWoBpSXC0WnPvLM1HomvG0=,MHbslT9DFvZf0SKHe4JNROYC1qI=
19,-16,Lg/XlaWoBpSXC0WnPvLM1HomvG0=,MHbslT9DFvZf0SKHe4JNROYC1qI=
27,-1,Lg/XlaWoBpSXC0WnPvLM1HomvG0=,4y/6eaJ9WX25enyNGxOvZqtrGrA=
16,-16,Lg/XlaWoBpSXC0WnPvLM1HomvG0=,MHbslT9DFvZf0SKHe4JNROYC1qI=
24,-1,Lg/XlaWoBpSXC0WnPvLM1HomvG0=,4y/6eaJ9WX25enyNGxOvZqtrGrA=
23,-1,Lg/XlaWoBpSXC0WnPvLM1HomvG0=,p/PyyM/s4Z02jru0nUj17bR8ee0=
29,-1,Lg/XlaWoBpSXC0WnPvLM1HomvG0=,hxvwOFv4uwh/mYNzlL2/55ezXOE=
25,-1,Lg/XlaWoBpSXC0WnPvLM1HomvG0=,4y/6eaJ9WX25enyNGxOvZqtrGrA=
17,-23,SAx3nCpsoGsroTpA5J5ruJWY26s=,X++O7Woc3pyzVjJOwxTOaM8eFHU=
21,-18,SAx3nCpsoGsroTpA5J5ruJWY26s=,6iTMGZIWW1d8zVhU5f+ahZ/52X0=
22,-18,SAx3nCpsoGsroTpA5J5ruJWY26s=,6iTMGZIWW1d8zVhU5f+ahZ/52X0=
21,-19,SAx3nCpsoGsroTpA5J5ruJWY26s=,6iTMGZIWW1d8zVhU5f+ahZ/52X0=
22,-19,3gCkuKo3H0wwjds2y8W03EjDSO8=,6iTMGZIWW1d8zVhU5f+ahZ/52X0=
18,-22,3gCkuKo3H0wwjds2y8W03EjDSO8=,X++O7Woc3pyzVjJOwxTOaM8eFHU=
17,-22,3gCkuKo3H0wwjds2y8W03EjDSO8=,X++O7Woc3pyzVjJOwxTOaM8eFHU=
18,-23,3gCkuKo3H0wwjds2y8W03EjDSO8=,X++O7Woc3pyzVjJOwxTOaM8eFHU=
17,-24,3gCkuKo3H0wwjds2y8W03EjDSO8=,X++O7Woc3pyzVjJOwxTOaM8eFHU=
18,-27,3gCkuKo3H0wwjds2y8W03EjDSO8=,EemLbHSsZrYWz9VUE69coHVBVBg=
18,-24,3gCkuKo3H0wwjds2y8W03EjDSO8=,X++O7Woc3pyzVjJOwxTOaM8eFHU=
18,-25,3gCkuKo3H0wwjds2y8W03EjDSO8=,EemLbHSsZrYWz9VUE69coHVBVBg=
17,-27,D3EBcLsJODtrNIcxjY2XYsBoNXw=,EemLbHSsZrYWz9VUE69coHVBVBg=
23,-23,D3EBcLsJODtrNIcxjY2XYsBoNXw=,B+gRd8vSwc6s4bQZ0VSlF27FJRU=
21,-21,NHKzGBaMgl6ENL4YBfFKtR64bLs=,B+gRd8vSwc6s4bQZ0VSlF27FJRU=
22,-20,NHKzGBaMgl6ENL4YBfFKtR64bLs=,6iTMGZIWW1d8zVhU5f+ahZ/52X0=
22,-21,R1YoL6GYH8xb6JtbvIgX1yJgtvQ=,B+gRd8vSwc6s4bQZ0VSlF27FJRU=
19,-23,R1YoL6GYH8xb6JtbvIgX1yJgtvQ=,X++O7Woc3pyzVjJOwxTOaM8eFHU=
22,-22,R1YoL6GYH8xb6JtbvIgX1yJgtvQ=,B+gRd8vSwc6s4bQZ0VSlF27FJRU=
21,-20,R1YoL6GYH8xb6JtbvIgX1yJgtvQ=,6iTMGZIWW1d8zVhU5f+ahZ/52X0=
23,-22,R1YoL6GYH8xb6JtbvIgX1yJgtvQ=,B+gRd8vSwc6s4bQZ0VSlF27FJRU=
21,-17,R1YoL6GYH8xb6JtbvIgX1yJgtvQ=,6iTMGZIWW1d8zVhU5f+ahZ/52X0=
22,-17,R1YoL6GYH8xb6JtbvIgX1yJgtvQ=,6iTMGZIWW1d8zVhU5f+ahZ/52X0=
16,-27,R1YoL6GYH8xb6JtbvIgX1yJgtvQ=,EemLbHSsZrYWz9VUE69coHVBVBg=
17,-28,R1YoL6GYH8xb6JtbvIgX1yJgtvQ=,EemLbHSsZrYWz9VUE69coHVBVBg=
18,-28,R1YoL6GYH8xb6JtbvIgX1yJgtvQ=,EemLbHSsZrYWz9VUE69coHVBVBg=
16,-24,R1YoL6GYH8xb6JtbvIgX1yJgtvQ=,X++O7Woc3pyzVjJOwxTOaM8eFHU=
20,-18,R1YoL6GYH8xb6JtbvIgX1yJgtvQ=,6iTMGZIWW1d8zVhU5f+ahZ/52X0=
16,-26,R1YoL6GYH8xb6JtbvIgX1yJgtvQ=,EemLbHSsZrYWz9VUE69coHVBVBg=
17,-25,R1YoL6GYH8xb6JtbvIgX1yJgtvQ=,EemLbHSsZrYWz9VUE69coHVBVBg=
23,-20,R1YoL6GYH8xb6JtbvIgX1yJgtvQ=,6iTMGZIWW1d8zVhU5f+ahZ/52X0=
23,-19,R1YoL6GYH8xb6JtbvIgX1yJgtvQ=,6iTMGZIWW1d8zVhU5f+ahZ/52X0=
23,-21,R1YoL6GYH8xb6JtbvIgX1yJgtvQ=,B+gRd8vSwc6s4bQZ0VSlF27FJRU=
23,-18,R1YoL6GYH8xb6JtbvIgX1yJgtvQ=,6iTMGZIWW1d8zVhU5f+ahZ/52X0=
23,-17,R1YoL6GYH8xb6JtbvIgX1yJgtvQ=,6iTMGZIWW1d8zVhU5f+ahZ/52X0=
16,-28,R1YoL6GYH8xb6JtbvIgX1yJgtvQ=,EemLbHSsZrYWz9VUE69coHVBVBg=
19,-17,R1YoL6GYH8xb6JtbvIgX1yJgtvQ=,wH9u9bKXlSRvnYZ1hu2eWtMaLRM=
20,-28,R1YoL6GYH8xb6JtbvIgX1yJgtvQ=,BWnvTf7P5W2J58GkKTiFbTag+ks=
21,-28,R1YoL6GYH8xb6JtbvIgX1yJgtvQ=,BWnvTf7P5W2J58GkKTiFbTag+ks=
22,-28,R1YoL6GYH8xb6JtbvIgX1yJgtvQ=,BWnvTf7P5W2J58GkKTiFbTag+ks=
22,-27,R1YoL6GYH8xb6JtbvIgX1yJgtvQ=,BWnvTf7P5W2J58GkKTiFbTag+ks=
19,-24,R1YoL6GYH8xb6JtbvIgX1yJgtvQ=,X++O7Woc3pyzVjJOwxTOaM8eFHU=
23,-28,R1YoL6GYH8xb6JtbvIgX1yJgtvQ=,BWnvTf7P5W2J58GkKTiFbTag+ks=
23,-27,R1YoL6GYH8xb6JtbvIgX1yJgtvQ=,BWnvTf7P5W2J58GkKTiFbTag+ks=
19,-27,R1YoL6GYH8xb6JtbvIgX1yJgtvQ=,EemLbHSsZrYWz9VUE69coHVBVBg=
17,-26,R1YoL6GYH8xb6JtbvIgX1yJgtvQ=,EemLbHSsZrYWz9VUE69coHVBVBg=
16,-23,R1YoL6GYH8xb6JtbvIgX1yJgtvQ=,X++O7Woc3pyzVjJOwxTOaM8eFHU=
16,-22,R1YoL6GYH8xb6JtbvIgX1yJgtvQ=,X++O7Woc3pyzVjJOwxTOaM8eFHU=
20,-21,R1YoL6GYH8xb6JtbvIgX1yJgtvQ=,B+gRd8vSwc6s4bQZ0VSlF27FJRU=
16,-25,R1YoL6GYH8xb6JtbvIgX1yJgtvQ=,EemLbHSsZrYWz9VUE69coHVBVBg=
18,-21,R1YoL6GYH8xb6JtbvIgX1yJgtvQ=,X++O7Woc3pyzVjJOwxTOaM8eFHU=
17,-21,R1YoL6GYH8xb6JtbvIgX1yJgtvQ=,X++O7Woc3pyzVjJOwxTOaM8eFHU=
19,-18,R1YoL6GYH8xb6JtbvIgX1yJgtvQ=,wH9u9bKXlSRvnYZ1hu2eWtMaLRM=
18,-17,R1YoL6GYH8xb6JtbvIgX1yJgtvQ=,wH9u9bKXlSRvnYZ1hu2eWtMaLRM=
19,-25,R1YoL6GYH8xb6JtbvIgX1yJgtvQ=,EemLbHSsZrYWz9VUE69coHVBVBg=
19,-22,R1YoL6GYH8xb6JtbvIgX1yJgtvQ=,X++O7Woc3pyzVjJOwxTOaM8eFHU=
19,-21,R1YoL6GYH8xb6JtbvIgX1yJgtvQ=,X++O7Woc3pyzVjJOwxTOaM8eFHU=
21,-22,R1YoL6GYH8xb6JtbvIgX1yJgtvQ=,B+gRd8vSwc6s4bQZ0VSlF27FJRU=
18,-26,R1YoL6GYH8xb6JtbvIgX1yJgtvQ=,EemLbHSsZrYWz9VUE69coHVBVBg=
21,-27,R1YoL6GYH8xb6JtbvIgX1yJgtvQ=,BWnvTf7P5W2J58GkKTiFbTag+ks=
19,-26,R1YoL6GYH8xb6JtbvIgX1yJgtvQ=,EemLbHSsZrYWz9VUE69coHVBVBg=
20,-19,R1YoL6GYH8xb6JtbvIgX1yJgtvQ=,6iTMGZIWW1d8zVhU5f+ahZ/52X0=
18,-18,R1YoL6GYH8xb6JtbvIgX1yJgtvQ=,wH9u9bKXlSRvnYZ1hu2eWtMaLRM=
21,-24,R1YoL6GYH8xb6JtbvIgX1yJgtvQ=,B+gRd8vSwc6s4bQZ0VSlF27FJRU=
20,-22,R1YoL6GYH8xb6JtbvIgX1yJgtvQ=,B+gRd8vSwc6s4bQZ0VSlF27FJRU=
16,-21,R1YoL6GYH8xb6JtbvIgX1yJgtvQ=,X++O7Woc3pyzVjJOwxTOaM8eFHU=
20,-17,R1YoL6GYH8xb6JtbvIgX1yJgtvQ=,6iTMGZIWW1d8zVhU5f+ahZ/52X0=
21,-26,R1YoL6GYH8xb6JtbvIgX1yJgtvQ=,BWnvTf7P5W2J58GkKTiFbTag+ks=
16,-18,R1YoL6GYH8xb6JtbvIgX1yJgtvQ=,wH9u9bKXlSRvnYZ1hu2eWtMaLRM=
23,-26,R1YoL6GYH8xb6JtbvIgX1yJgtvQ=,BWnvTf7P5W2J58GkKTiFbTag+ks=
20,-20,R1YoL6GYH8xb6JtbvIgX1yJgtvQ=,6iTMGZIWW1d8zVhU5f+ahZ/52X0=
23,-25,R1YoL6GYH8xb6JtbvIgX1yJgtvQ=,BWnvTf7P5W2J58GkKTiFbTag+ks=
17,-18,R1YoL6GYH8xb6JtbvIgX1yJgtvQ=,wH9u9bKXlSRvnYZ1hu2eWtMaLRM=
18,-19,R1YoL6GYH8xb6JtbvIgX1yJgtvQ=,wH9u9bKXlSRvnYZ1hu2eWtMaLRM=
20,-24,R1YoL6GYH8xb6JtbvIgX1yJgtvQ=,B+gRd8vSwc6s4bQZ0VSlF27FJRU=
18,-20,R1YoL6GYH8xb6JtbvIgX1yJgtvQ=,wH9u9bKXlSRvnYZ1hu2eWtMaLRM=
17,-19,R1YoL6GYH8xb6JtbvIgX1yJgtvQ=,wH9u9bKXlSRvnYZ1hu2eWtMaLRM=
19,-19,R1YoL6GYH8xb6JtbvIgX1yJgtvQ=,wH9u9bKXlSRvnYZ1hu2eWtMaLRM=
19,-28,R1YoL6GYH8xb6JtbvIgX1yJgtvQ=,EemLbHSsZrYWz9VUE69coHVBVBg=
17,-17,R1YoL6GYH8xb6JtbvIgX1yJgtvQ=,wH9u9bKXlSRvnYZ1hu2eWtMaLRM=
22,-26,R1YoL6GYH8xb6JtbvIgX1yJgtvQ=,BWnvTf7P5W2J58GkKTiFbTag+ks=
16,-17,R1YoL6GYH8xb6JtbvIgX1yJgtvQ=,wH9u9bKXlSRvnYZ1hu2eWtMaLRM=
20,-23,R1YoL6GYH8xb6JtbvIgX1yJgtvQ=,B+gRd8vSwc6s4bQZ0VSlF27FJRU=
16,-19,R1YoL6GYH8xb6JtbvIgX1yJgtvQ=,wH9u9bKXlSRvnYZ1hu2eWtMaLRM=
20,-25,R1YoL6GYH8xb6JtbvIgX1yJgtvQ=,BWnvTf7P5W2J58GkKTiFbTag+ks=
20,-26,R1YoL6GYH8xb6JtbvIgX1yJgtvQ=,BWnvTf7P5W2J58GkKTiFbTag+ks=
19,-20,R1YoL6GYH8xb6JtbvIgX1yJgtvQ=,wH9u9bKXlSRvnYZ1hu2eWtMaLRM=
17,-20,R1YoL6GYH8xb6JtbvIgX1yJgtvQ=,wH9u9bKXlSRvnYZ1hu2eWtMaLRM=
23,-24,R1YoL6GYH8xb6JtbvIgX1yJgtvQ=,B+gRd8vSwc6s4bQZ0VSlF27FJRU=
20,-27,R1YoL6GYH8xb6JtbvIgX1yJgtvQ=,BWnvTf7P5W2J58GkKTiFbTag+ks=
21,-25,R1YoL6GYH8xb6JtbvIgX1yJgtvQ=,BWnvTf7P5W2J58GkKTiFbTag+ks=
22,-23,R1YoL6GYH8xb6JtbvIgX1yJgtvQ=,B+gRd8vSwc6s4bQZ0VSlF27FJRU=
16,-20,R1YoL6GYH8xb6JtbvIgX1yJgtvQ=,wH9u9bKXlSRvnYZ1hu2eWtMaLRM=
21,-23,R1YoL6GYH8xb6JtbvIgX1yJgtvQ=,B+gRd8vSwc6s4bQZ0VSlF27FJRU=
22,-25,R1YoL6GYH8xb6JtbvIgX1yJgtvQ=,BWnvTf7P5W2J58GkKTiFbTag+ks=
22,-24,R1YoL6GYH8xb6JtbvIgX1yJgtvQ=,B+gRd8vSwc6s4bQZ0VSlF27FJRU=
9,-27,2fZOmtYbe7BvPmWyG2fakLrOGUE=,5OommPAezk8s0N4vwn+ayj71eTM=
10,-26,2fZOmtYbe7BvPmWyG2fakLrOGUE=,5OommPAezk8s0N4vwn+ayj71eTM=
9,-26,9BQTd6k6EcDbU731cHGkUKQsUEw=,5OommPAezk8s0N4vwn+ayj71eTM=
10,-27,9BQTd6k6EcDbU731cHGkUKQsUEw=,5OommPAezk8s0N4vwn+ayj71eTM=
12,-27,nJ7WeBdHuJV5E0JvYyMav7GB6As=,kMKHSo4bOIW+8EujQeKiAlAPp4g=
12,-26,nJ7WeBdHuJV5E0JvYyMav7GB6As=,kMKHSo4bOIW+8EujQeKiAlAPp4g=
11,-27,nJ7WeBdHuJV5E0JvYyMav7GB6As=,5OommPAezk8s0N4vwn+ayj71eTM=
11,-26,nJ7WeBdHuJV5E0JvYyMav7GB6As=,5OommPAezk8s0N4vwn+ayj71eTM=
13,-26,nJ7WeBdHuJV5E0JvYyMav7GB6As=,kMKHSo4bOIW+8EujQeKiAlAPp4g=
13,-27,nJ7WeBdHuJV5E0JvYyMav7GB6As=,kMKHSo4bOIW+8EujQeKiAlAPp4g=
14,-27,nJ7WeBdHuJV5E0JvYyMav7GB6As=,kMKHSo4bOIW+8EujQeKiAlAPp4g=
15,-27,6xDZkhxK+3TDsJX3wOVL8XAmz14=,kMKHSo4bOIW+8EujQeKiAlAPp4g=
5,-22,6xDZkhxK+3TDsJX3wOVL8XAmz14=,hdETZCevLcmE+OvFeh1yTGCum4g=
6,-22,6xDZkhxK+3TDsJX3wOVL8XAmz14=,hdETZCevLcmE+OvFeh1yTGCum4g=
5,-23,r8Mm81daBROlIe7eGInHeVzOhbE=,hdETZCevLcmE+OvFeh1yTGCum4g=
6,-23,r8Mm81daBROlIe7eGInHeVzOhbE=,hdETZCevLcmE+OvFeh1yTGCum4g=
12,-19,r8Mm81daBROlIe7eGInHeVzOhbE=,kcHC3EIUky3UnkcXT+TqK78pQRY=
14,-18,r8Mm81daBROlIe7eGInHeVzOhbE=,kcHC3EIUky3UnkcXT+TqK78pQRY=
13,-19,ZvueN5WNm8WAWUGW3t6EPW2P4z4=,kcHC3EIUky3UnkcXT+TqK78pQRY=
14,-19,ZvueN5WNm8WAWUGW3t6EPW2P4z4=,kcHC3EIUky3UnkcXT+TqK78pQRY=
12,-18,ZvueN5WNm8WAWUGW3t6EPW2P4z4=,kcHC3EIUky3UnkcXT+TqK78pQRY=
13,-18,ZvueN5WNm8WAWUGW3t6EPW2P4z4=,kcHC3EIUky3UnkcXT+TqK78pQRY=
8,-26,ZvueN5WNm8WAWUGW3t6EPW2P4z4=,5OommPAezk8s0N4vwn+ayj71eTM=
5,-24,ZvueN5WNm8WAWUGW3t6EPW2P4z4=,hdETZCevLcmE+OvFeh1yTGCum4g=
8,-27,ZvueN5WNm8WAWUGW3t6EPW2P4z4=,5OommPAezk8s0N4vwn+ayj71eTM=
6,-24,ZvueN5WNm8WAWUGW3t6EPW2P4z4=,hdETZCevLcmE+OvFeh1yTGCum4g=
7,-18,ZvueN5WNm8WAWUGW3t6EPW2P4z4=,LkJ1EsW8UdL+PvNWrR061rOGLAA=
5,-21,ZvueN5WNm8WAWUGW3t6EPW2P4z4=,hdETZCevLcmE+OvFeh1yTGCum4g=
4,-19,ZvueN5WNm8WAWUGW3t6EPW2P4z4=,LkJ1EsW8UdL+PvNWrR061rOGLAA=
6,-17,ZvueN5WNm8WAWUGW3t6EPW2P4z4=,LkJ1EsW8UdL+PvNWrR061rOGLAA=
7,-19,ZvueN5WNm8WAWUGW3t6EPW2P4z4=,LkJ1EsW8UdL+PvNWrR061rOGLAA=
4,-20,ZvueN5WNm8WAWUGW3t6EPW2P4z4=,LkJ1EsW8UdL+PvNWrR061rOGLAA=
4,-22,ZvueN5WNm8WAWUGW3t6EPW2P4z4=,hdETZCevLcmE+OvFeh1yTGCum4g=
5,-19,ZvueN5WNm8WAWUGW3t6EPW2P4z4=,LkJ1EsW8UdL+PvNWrR061rOGLAA=
5,-20,ZvueN5WNm8WAWUGW3t6EPW2P4z4=,LkJ1EsW8UdL+PvNWrR061rOGLAA=
4,-21,ZvueN5WNm8WAWUGW3t6EPW2P4z4=,hdETZCevLcmE+OvFeh1yTGCum4g=
4,-23,ZvueN5WNm8WAWUGW3t6EPW2P4z4=,hdETZCevLcmE+OvFeh1yTGCum4g=
13,-17,ZvueN5WNm8WAWUGW3t6EPW2P4z4=,kcHC3EIUky3UnkcXT+TqK78pQRY=
14,-17,ZvueN5WNm8WAWUGW3t6EPW2P4z4=,kcHC3EIUky3UnkcXT+TqK78pQRY=
6,-18,ZvueN5WNm8WAWUGW3t6EPW2P4z4=,LkJ1EsW8UdL+PvNWrR061rOGLAA=
12,-17,ZvueN5WNm8WAWUGW3t6EPW2P4z4=,kcHC3EIUky3UnkcXT+TqK78pQRY=
7,-17,ZvueN5WNm8WAWUGW3t6EPW2P4z4=,LkJ1EsW8UdL+PvNWrR061rOGLAA=
9,-28,ZvueN5WNm8WAWUGW3t6EPW2P4z4=,5OommPAezk8s0N4vwn+ayj71eTM=
8,-28,ZvueN5WNm8WAWUGW3t6EPW2P4z4=,5OommPAezk8s0N4vwn+ayj71eTM=
10,-28,ZvueN5WNm8WAWUGW3t6EPW2P4z4=,5OommPAezk8s0N4vwn+ayj71eTM=
12,-28,ZvueN5WNm8WAWUGW3t6EPW2P4z4=,kMKHSo4bOIW+8EujQeKiAlAPp4g=
13,-28,ZvueN5WNm8WAWUGW3t6EPW2P4z4=,kMKHSo4bOIW+8EujQeKiAlAPp4g=
11,-28,ZvueN5WNm8WAWUGW3t6EPW2P4z4=,5OommPAezk8s0N4vwn+ayj71eTM=
14,-28,ZvueN5WNm8WAWUGW3t6EPW2P4z4=,kMKHSo4bOIW+8EujQeKiAlAPp4g=
14,-20,ZvueN5WNm8WAWUGW3t6EPW2P4z4=,kcHC3EIUky3UnkcXT+TqK78pQRY=
14,-21,ZvueN5WNm8WAWUGW3t6EPW2P4z4=,g05juHgELtSTvKlMABp2/3LKPKc=
13,-20,ZvueN5WNm8WAWUGW3t6EPW2P4z4=,kcHC3EIUky3UnkcXT+TqK78pQRY=
14,-22,ZvueN5WNm8WAWUGW3t6EPW2P4z4=,g05juHgELtSTvKlMABp2/3LKPKc=
15,-22,ZvueN5WNm8WAWUGW3t6EPW2P4z4=,g05juHgELtSTvKlMABp2/3LKPKc=
15,-23,ZvueN5WNm8WAWUGW3t6EPW2P4z4=,g05juHgELtSTvKlMABp2/3LKPKc=
13,-21,ZvueN5WNm8WAWUGW3t6EPW2P4z4=,g05juHgELtSTvKlMABp2/3LKPKc=
15,-28,ZvueN5WNm8WAWUGW3t6EPW2P4z4=,kMKHSo4bOIW+8EujQeKiAlAPp4g=
4,-24,ZvueN5WNm8WAWUGW3t6EPW2P4z4=,hdETZCevLcmE+OvFeh1yTGCum4g=
4,-17,ZvueN5WNm8WAWUGW3t6EPW2P4z4=,LkJ1EsW8UdL+PvNWrR061rOGLAA=
4,-18,ZvueN5WNm8WAWUGW3t6EPW2P4z4=,LkJ1EsW8UdL+PvNWrR061rOGLAA=
5,-17,ZvueN5WNm8WAWUGW3t6EPW2P4z4=,LkJ1EsW8UdL+PvNWrR061rOGLAA=
5,-18,ZvueN5WNm8WAWUGW3t6EPW2P4z4=,LkJ1EsW8UdL+PvNWrR061rOGLAA=
15,-26,ZvueN5WNm8WAWUGW3t6EPW2P4z4=,kMKHSo4bOIW+8EujQeKiAlAPp4g=
14,-26,ZvueN5WNm8WAWUGW3t6EPW2P4z4=,kMKHSo4bOIW+8EujQeKiAlAPp4g=
15,-25,ZvueN5WNm8WAWUGW3t6EPW2P4z4=,kMKHSo4bOIW+8EujQeKiAlAPp4g=
14,-25,ZvueN5WNm8WAWUGW3t6EPW2P4z4=,kMKHSo4bOIW+8EujQeKiAlAPp4g=
11,-25,ZvueN5WNm8WAWUGW3t6EPW2P4z4=,5OommPAezk8s0N4vwn+ayj71eTM=
7,-23,ZvueN5WNm8WAWUGW3t6EPW2P4z4=,hdETZCevLcmE+OvFeh1yTGCum4g=
10,-21,ZvueN5WNm8WAWUGW3t6EPW2P4z4=,0pZi5Rs/0yd16C1kuEyRhuTCoUw=
8,-24,ZvueN5WNm8WAWUGW3t6EPW2P4z4=,0pZi5Rs/0yd16C1kuEyRhuTCoUw=
12,-20,ZvueN5WNm8WAWUGW3t6EPW2P4z4=,kcHC3EIUky3UnkcXT+TqK78pQRY=
11,-21,ZvueN5WNm8WAWUGW3t6EPW2P4z4=,0pZi5Rs/0yd16C1kuEyRhuTCoUw=
8,-25,ZvueN5WNm8WAWUGW3t6EPW2P4z4=,5OommPAezk8s0N4vwn+ayj71eTM=
12,-24,ZvueN5WNm8WAWUGW3t6EPW2P4z4=,g05juHgELtSTvKlMABp2/3LKPKc=
14,-23,ZvueN5WNm8WAWUGW3t6EPW2P4z4=,g05juHgELtSTvKlMABp2/3LKPKc=
15,-24,ZvueN5WNm8WAWUGW3t6EPW2P4z4=,g05juHgELtSTvKlMABp2/3LKPKc=
12,-25,ZvueN5WNm8WAWUGW3t6EPW2P4z4=,kMKHSo4bOIW+8EujQeKiAlAPp4g=
8,-23,ZvueN5WNm8WAWUGW3t6EPW2P4z4=,0pZi5Rs/0yd16C1kuEyRhuTCoUw=
7,-24,ZvueN5WNm8WAWUGW3t6EPW2P4z4=,hdETZCevLcmE+OvFeh1yTGCum4g=
7,-20,ZvueN5WNm8WAWUGW3t6EPW2P4z4=,LkJ1EsW8UdL+PvNWrR061rOGLAA=
12,-22,ZvueN5WNm8WAWUGW3t6EPW2P4z4=,g05juHgELtSTvKlMABp2/3LKPKc=
15,-21,ZvueN5WNm8WAWUGW3t6EPW2P4z4=,g05juHgELtSTvKlMABp2/3LKPKc=
15,-19,ZvueN5WNm8WAWUGW3t6EPW2P4z4=,kcHC3EIUky3UnkcXT+TqK78pQRY=
15,-20,ZvueN5WNm8WAWUGW3t6EPW2P4z4=,kcHC3EIUky3UnkcXT+TqK78pQRY=
6,-19,ZvueN5WNm8WAWUGW3t6EPW2P4z4=,LkJ1EsW8UdL+PvNWrR061rOGLAA=
15,-18,ZvueN5WNm8WAWUGW3t6EPW2P4z4=,kcHC3EIUky3UnkcXT+TqK78pQRY=
13,-25,ZvueN5WNm8WAWUGW3t6EPW2P4z4=,kMKHSo4bOIW+8EujQeKiAlAPp4g=
12,-21,ZvueN5WNm8WAWUGW3t6EPW2P4z4=,g05juHgELtSTvKlMABp2/3LKPKc=
9,-25,ZvueN5WNm8WAWUGW3t6EPW2P4z4=,5OommPAezk8s0N4vwn+ayj71eTM=
6,-20,ZvueN5WNm8WAWUGW3t6EPW2P4z4=,LkJ1EsW8UdL+PvNWrR061rOGLAA=
10,-25,ZvueN5WNm8WAWUGW3t6EPW2P4z4=,5OommPAezk8s0N4vwn+ayj71eTM=
14,-24,ZvueN5WNm8WAWUGW3t6EPW2P4z4=,g05juHgELtSTvKlMABp2/3LKPKc=
12,-23,ZvueN5WNm8WAWUGW3t6EPW2P4z4=,g05juHgELtSTvKlMABp2/3LKPKc=
11,-22,ZvueN5WNm8WAWUGW3t6EPW2P4z4=,0pZi5Rs/0yd16C1kuEyRhuTCoUw=
11,-24,ZvueN5WNm8WAWUGW3t6EPW2P4z4=,0pZi5Rs/0yd16C1kuEyRhuTCoUw=
8,-21,ZvueN5WNm8WAWUGW3t6EPW2P4z4=,0pZi5Rs/0yd16C1kuEyRhuTCoUw=
6,-21,ZvueN5WNm8WAWUGW3t6EPW2P4z4=,hdETZCevLcmE+OvFeh1yTGCum4g=
15,-17,ZvueN5WNm8WAWUGW3t6EPW2P4z4=,kcHC3EIUky3UnkcXT+TqK78pQRY=
8,-22,ZvueN5WNm8WAWUGW3t6EPW2P4z4=,0pZi5Rs/0yd16C1kuEyRhuTCoUw=
9,-21,ZvueN5WNm8WAWUGW3t6EPW2P4z4=,0pZi5Rs/0yd16C1kuEyRhuTCoUw=
9,-22,ZvueN5WNm8WAWUGW3t6EPW2P4z4=,0pZi5Rs/0yd16C1kuEyRhuTCoUw=
11,-23,ZvueN5WNm8WAWUGW3t6EPW2P4z4=,0pZi5Rs/0yd16C1kuEyRhuTCoUw=
13,-24,ZvueN5WNm8WAWUGW3t6EPW2P4z4=,g05juHgELtSTvKlMABp2/3LKPKc=
13,-22,ZvueN5WNm8WAWUGW3t6EPW2P4z4=,g05juHgELtSTvKlMABp2/3LKPKc=
7,-22,ZvueN5WNm8WAWUGW3t6EPW2P4z4=,hdETZCevLcmE+OvFeh1yTGCum4g=
10,-22,ZvueN5WNm8WAWUGW3t6EPW2P4z4=,0pZi5Rs/0yd16C1kuEyRhuTCoUw=
9,-23,ZvueN5WNm8WAWUGW3t6EPW2P4z4=,0pZi5Rs/0yd16C1kuEyRhuTCoUw=
10,-23,ZvueN5WNm8WAWUGW3t6EPW2P4z4=,0pZi5Rs/0yd16C1kuEyRhuTCoUw=
10,-24,ZvueN5WNm8WAWUGW3t6EPW2P4z4=,0pZi5Rs/0yd16C1kuEyRhuTCoUw=
7,-21,ZvueN5WNm8WAWUGW3t6EPW2P4z4=,hdETZCevLcmE+OvFeh1yTGCum4g=
9,-24,ZvueN5WNm8WAWUGW3t6EPW2P4z4=,0pZi5Rs/0yd16C1kuEyRhuTCoUw=
13,-23,ZvueN5WNm8WAWUGW3t6EPW2P4z4=,g05juHgELtSTvKlMABp2/3LKPKc=
1,-11,ZvueN5WNm8WAWUGW3t6EPW2P4z4=,aTFJRi+D6rLun7CHeiSrpEtJ/8c=
5,-7,ZvueN5WNm8WAWUGW3t6EPW2P4z4=,hVAm+qBzBDDWqL+ZRslUu/xppSU=
6,-7,ZvueN5WNm8WAWUGW3t6EPW2P4z4=,hVAm+qBzBDDWqL+ZRslUu/xppSU=
2,-10,ZvueN5WNm8WAWUGW3t6EPW2P4z4=,aTFJRi+D6rLun7CHeiSrpEtJ/8c=
1,-10,ZvueN5WNm8WAWUGW3t6EPW2P4z4=,aTFJRi+D6rLun7CHeiSrpEtJ/8c=
2,-11,ZvueN5WNm8WAWUGW3t6EPW2P4z4=,aTFJRi+D6rLun7CHeiSrpEtJ/8c=
6,-9,x/C5SYB/LDNt4vmsrZiv07sDxNQ=,8d+ZNXid9Gh8YTOINfdKoiNji6g=
5,-2,x/C5SYB/LDNt4vmsrZiv07sDxNQ=,qY//fK7gF0ykj13+Sm6M6iH9p1Y=
6,-2,x/C5SYB/LDNt4vmsrZiv07sDxNQ=,qY//fK7gF0ykj13+Sm6M6iH9p1Y=
6,-4,x/C5SYB/LDNt4vmsrZiv07sDxNQ=,qY//fK7gF0ykj13+Sm6M6iH9p1Y=
5,-3,x/C5SYB/LDNt4vmsrZiv07sDxNQ=,qY//fK7gF0ykj13+Sm6M6iH9p1Y=
6,-3,x/C5SYB/LDNt4vmsrZiv07sDxNQ=,qY//fK7gF0ykj13+Sm6M6iH9p1Y=
5,-15,x/C5SYB/LDNt4vmsrZiv07sDxNQ=,Z4rk7x26XyN576KF8qvb/3O6LRw=
6,-15,XQ1fC2RFVjorGEQfio5evcckSr4=,Z4rk7x26XyN576KF8qvb/3O6LRw=
5,-14,XQ1fC2RFVjorGEQfio5evcckSr4=,Z4rk7x26XyN576KF8qvb/3O6LRw=
6,-14,XQ1fC2RFVjorGEQfio5evcckSr4=,Z4rk7x26XyN576KF8qvb/3O6LRw=
5,-13,XQ1fC2RFVjorGEQfio5evcckSr4=,Z4rk7x26XyN576KF8qvb/3O6LRw=
6,-13,XQ1fC2RFVjorGEQfio5evcckSr4=,Z4rk7x26XyN576KF8qvb/3O6LRw=
5,-12,4+fo49V3p3ILQ0F/J81Y5ydQ3zk=,8d+ZNXid9Gh8YTOINfdKoiNji6g=
6,-12,4+fo49V3p3ILQ0F/J81Y5ydQ3zk=,8d+ZNXid9Gh8YTOINfdKoiNji6g=
7,-15,4+fo49V3p3ILQ0F/J81Y5ydQ3zk=,Z4rk7x26XyN576KF8qvb/3O6LRw=
7,-14,4+fo49V3p3ILQ0F/J81Y5ydQ3zk=,Z4rk7x26XyN576KF8qvb/3O6LRw=
2,-14,4+fo49V3p3ILQ0F/J81Y5ydQ3zk=,g+sCAVdO1JuJErqrGRxcXwV4uHw=
1,-13,1TzDqSJj+Q5KKCf30pqSkFCVqfM=,g+sCAVdO1JuJErqrGRxcXwV4uHw=
1,-15,1TzDqSJj+Q5KKCf30pqSkFCVqfM=,g+sCAVdO1JuJErqrGRxcXwV4uHw=
2,-15,1TzDqSJj+Q5KKCf30pqSkFCVqfM=,g+sCAVdO1JuJErqrGRxcXwV4uHw=
3,-13,1TzDqSJj+Q5KKCf30pqSkFCVqfM=,g+sCAVdO1JuJErqrGRxcXwV4uHw=
3,-14,1TzDqSJj+Q5KKCf30pqSkFCVqfM=,g+sCAVdO1JuJErqrGRxcXwV4uHw=
2,-12,1TzDqSJj+Q5KKCf30pqSkFCVqfM=,aTFJRi+D6rLun7CHeiSrpEtJ/8c=
1,-14,1TzDqSJj+Q5KKCf30pqSkFCVqfM=,g+sCAVdO1JuJErqrGRxcXwV4uHw=
1,-12,1TzDqSJj+Q5KKCf30pqSkFCVqfM=,aTFJRi+D6rLun7CHeiSrpEtJ/8c=
0,-15,1TzDqSJj+Q5KKCf30pqSkFCVqfM=,g+sCAVdO1JuJErqrGRxcXwV4uHw=
0,-14,1TzDqSJj+Q5KKCf30pqSkFCVqfM=,g+sCAVdO1JuJErqrGRxcXwV4uHw=
2,-13,1TzDqSJj+Q5KKCf30pqSkFCVqfM=,g+sCAVdO1JuJErqrGRxcXwV4uHw=
4,-12,1TzDqSJj+Q5KKCf30pqSkFCVqfM=,8d+ZNXid9Gh8YTOINfdKoiNji6g=
4,-13,1TzDqSJj+Q5KKCf30pqSkFCVqfM=,Z4rk7x26XyN576KF8qvb/3O6LRw=
3,-11,1TzDqSJj+Q5KKCf30pqSkFCVqfM=,aTFJRi+D6rLun7CHeiSrpEtJ/8c=
4,-14,1TzDqSJj+Q5KKCf30pqSkFCVqfM=,Z4rk7x26XyN576KF8qvb/3O6LRw=
3,-12,1TzDqSJj+Q5KKCf30pqSkFCVqfM=,aTFJRi+D6rLun7CHeiSrpEtJ/8c=
5,-11,1TzDqSJj+Q5KKCf30pqSkFCVqfM=,8d+ZNXid9Gh8YTOINfdKoiNji6g=
4,-11,1TzDqSJj+Q5KKCf30pqSkFCVqfM=,8d+ZNXid9Gh8YTOINfdKoiNji6g=
4,-7,1TzDqSJj+Q5KKCf30pqSkFCVqfM=,hVAm+qBzBDDWqL+ZRslUu/xppSU=
5,-8,1TzDqSJj+Q5KKCf30pqSkFCVqfM=,hVAm+qBzBDDWqL+ZRslUu/xppSU=
5,-9,1TzDqSJj+Q5KKCf30pqSkFCVqfM=,8d+ZNXid9Gh8YTOINfdKoiNji6g=
2,-9,1TzDqSJj+Q5KKCf30pqSkFCVqfM=,aTFJRi+D6rLun7CHeiSrpEtJ/8c=
5,-10,1TzDqSJj+Q5KKCf30pqSkFCVqfM=,8d+ZNXid9Gh8YTOINfdKoiNji6g=
3,-9,z4DLBqHTZB4T2QGPGmLHG3/vOio=,aTFJRi+D6rLun7CHeiSrpEtJ/8c=
4,-10,z4DLBqHTZB4T2QGPGmLHG3/vOio=,8d+ZNXid9Gh8YTOINfdKoiNji6g=
1,-8,z4DLBqHTZB4T2QGPGmLHG3/vOio=,6bxpbE13e3jERhsbC3X/sEqKt68=
3,-10,z4DLBqHTZB4T2QGPGmLHG3/vOio=,aTFJRi+D6rLun7CHeiSrpEtJ/8c=
2,-8,z4DLBqHTZB4T2QGPGmLHG3/vOio=,6bxpbE13e3jERhsbC3X/sEqKt68=
4,-9,z4DLBqHTZB4T2QGPGmLHG3/vOio=,8d+ZNXid9Gh8YTOINfdKoiNji6g=
1,-9,z4DLBqHTZB4T2QGPGmLHG3/vOio=,aTFJRi+D6rLun7CHeiSrpEtJ/8c=
3,-7,z4DLBqHTZB4T2QGPGmLHG3/vOio=,6bxpbE13e3jERhsbC3X/sEqKt68=
4,-8,z4DLBqHTZB4T2QGPGmLHG3/vOio=,hVAm+qBzBDDWqL+ZRslUu/xppSU=
1,-7,TLTQzRpE0Lwnvq53vwHnCi4x0v8=,6bxpbE13e3jERhsbC3X/sEqKt68=
4,-6,TLTQzRpE0Lwnvq53vwHnCi4x0v8=,hVAm+qBzBDDWqL+ZRslUu/xppSU=
2,-7,xHL5luzzykMuIY08nl7il888L0Y=,6bxpbE13e3jERhsbC3X/sEqKt68=
3,-8,AyWd/2pgTlSKhsnk/ugWMowOA4g=,6bxpbE13e3jERhsbC3X/sEqKt68=
0,-11,AyWd/2pgTlSKhsnk/ugWMowOA4g=,aTFJRi+D6rLun7CHeiSrpEtJ/8c=
0,-13,AyWd/2pgTlSKhsnk/ugWMowOA4g=,g+sCAVdO1JuJErqrGRxcXwV4uHw=
0,-10,AyWd/2pgTlSKhsnk/ugWMowOA4g=,aTFJRi+D6rLun7CHeiSrpEtJ/8c=
0,-12,cpVBkj3s30zENg5eUokcIUVlCtM=,aTFJRi+D6rLun7CHeiSrpEtJ/8c=
0,-9,cpVBkj3s30zENg5eUokcIUVlCtM=,aTFJRi+D6rLun7CHeiSrpEtJ/8c=
0,-7,cpVBkj3s30zENg5eUokcIUVlCtM=,6bxpbE13e3jERhsbC3X/sEqKt68=
0,-8,cpVBkj3s30zENg5eUokcIUVlCtM=,6bxpbE13e3jERhsbC3X/sEqKt68=
10,-6,KFFfmQ/tnF0Jk3NhI0XG+7mbJSM=,iQiu7p4W9RXF/xUcLFta6O+QVoU=
10,-7,KFFfmQ/tnF0Jk3NhI0XG+7mbJSM=,iQiu7p4W9RXF/xUcLFta6O+QVoU=
8,-6,KFFfmQ/tnF0Jk3NhI0XG+7mbJSM=,iQiu7p4W9RXF/xUcLFta6O+QVoU=
9,-6,KFFfmQ/tnF0Jk3NhI0XG+7mbJSM=,iQiu7p4W9RXF/xUcLFta6O+QVoU=
7,-6,KFFfmQ/tnF0Jk3NhI0XG+7mbJSM=,hVAm+qBzBDDWqL+ZRslUu/xppSU=
8,-7,KFFfmQ/tnF0Jk3NhI0XG+7mbJSM=,iQiu7p4W9RXF/xUcLFta6O+QVoU=
9,-7,KFFfmQ/tnF0Jk3NhI0XG+7mbJSM=,iQiu7p4W9RXF/xUcLFta6O+QVoU=
13,-11,KFFfmQ/tnF0Jk3NhI0XG+7mbJSM=,s1tX3yqKkhkzTu/gNafquoXTprY=
14,-11,KFFfmQ/tnF0Jk3NhI0XG+7mbJSM=,s1tX3yqKkhkzTu/gNafquoXTprY=
14,-10,KFFfmQ/tnF0Jk3NhI0XG+7mbJSM=,s1tX3yqKkhkzTu/gNafquoXTprY=
5,-5,1Kd29o+iyZQ2mMvG0uHB0gv81xo=,hVAm+qBzBDDWqL+ZRslUu/xppSU=
13,-9,1Kd29o+iyZQ2mMvG0uHB0gv81xo=,s1tX3yqKkhkzTu/gNafquoXTprY=
14,-9,1Kd29o+iyZQ2mMvG0uHB0gv81xo=,s1tX3yqKkhkzTu/gNafquoXTprY=
11,-7,1Kd29o+iyZQ2mMvG0uHB0gv81xo=,iQiu7p4W9RXF/xUcLFta6O+QVoU=
11,-6,FyD/r5mByPIegcG83tEsZiGTo5M=,iQiu7p4W9RXF/xUcLFta6O+QVoU=
5,-6,FyD/r5mByPIegcG83tEsZiGTo5M=,hVAm+qBzBDDWqL+ZRslUu/xppSU=
4,-2,FyD/r5mByPIegcG83tEsZiGTo5M=,qY//fK7gF0ykj13+Sm6M6iH9p1Y=
4,-5,FyD/r5mByPIegcG83tEsZiGTo5M=,hVAm+qBzBDDWqL+ZRslUu/xppSU=
5,-1,FyD/r5mByPIegcG83tEsZiGTo5M=,qY//fK7gF0ykj13+Sm6M6iH9p1Y=
5,-4,FyD/r5mByPIegcG83tEsZiGTo5M=,qY//fK7gF0ykj13+Sm6M6iH9p1Y=
4,-3,FXHXccVupoZViA8qcrLZ9SSqlk4=,qY//fK7gF0ykj13+Sm6M6iH9p1Y=
4,-1,FXHXccVupoZViA8qcrLZ9SSqlk4=,qY//fK7gF0ykj13+Sm6M6iH9p1Y=
2,-3,FXHXccVupoZViA8qcrLZ9SSqlk4=,YKUE5wDzOzpBbLUw7Wur+fwiK2U=
0,-5,FXHXccVupoZViA8qcrLZ9SSqlk4=,6bxpbE13e3jERhsbC3X/sEqKt68=
1,-5,FXHXccVupoZViA8qcrLZ9SSqlk4=,6bxpbE13e3jERhsbC3X/sEqKt68=
0,-4,FXHXccVupoZViA8qcrLZ9SSqlk4=,YKUE5wDzOzpBbLUw7Wur+fwiK2U=
1,-4,FXHXccVupoZViA8qcrLZ9SSqlk4=,YKUE5wDzOzpBbLUw7Wur+fwiK2U=
2,-5,FXHXccVupoZViA8qcrLZ9SSqlk4=,6bxpbE13e3jERhsbC3X/sEqKt68=
3,-5,FXHXccVupoZViA8qcrLZ9SSqlk4=,6bxpbE13e3jERhsbC3X/sEqKt68=
9,-12,FXHXccVupoZViA8qcrLZ9SSqlk4=,dNTNLoiLk7cL/qoimw1FQ38L9cg=
10,-12,FXHXccVupoZViA8qcrLZ9SSqlk4=,dNTNLoiLk7cL/qoimw1FQ38L9cg=
12,-9,FXHXccVupoZViA8qcrLZ9SSqlk4=,s1tX3yqKkhkzTu/gNafquoXTprY=
7,-7,FXHXccVupoZViA8qcrLZ9SSqlk4=,hVAm+qBzBDDWqL+ZRslUu/xppSU=
6,-8,FXHXccVupoZViA8qcrLZ9SSqlk4=,hVAm+qBzBDDWqL+ZRslUu/xppSU=
8,-4,FXHXccVupoZViA8qcrLZ9SSqlk4=,lqty4ZEapQVj52y8bsTOvXCbmoQ=
9,-4,FXHXccVupoZViA8qcrLZ9SSqlk4=,lqty4ZEapQVj52y8bsTOvXCbmoQ=
10,-4,FXHXccVupoZViA8qcrLZ9SSqlk4=,lqty4ZEapQVj52y8bsTOvXCbmoQ=
8,-3,FXHXccVupoZViA8qcrLZ9SSqlk4=,lqty4ZEapQVj52y8bsTOvXCbmoQ=
9,-3,FXHXccVupoZViA8qcrLZ9SSqlk4=,lqty4ZEapQVj52y8bsTOvXCbmoQ=
10,-3,FXHXccVupoZViA8qcrLZ9SSqlk4=,lqty4ZEapQVj52y8bsTOvXCbmoQ=
6,-5,FXHXccVupoZViA8qcrLZ9SSqlk4=,hVAm+qBzBDDWqL+ZRslUu/xppSU=
6,-6,FXHXccVupoZViA8qcrLZ9SSqlk4=,hVAm+qBzBDDWqL+ZRslUu/xppSU=
7,-2,FXHXccVupoZViA8qcrLZ9SSqlk4=,qY//fK7gF0ykj13+Sm6M6iH9p1Y=
7,-4,FXHXccVupoZViA8qcrLZ9SSqlk4=,qY//fK7gF0ykj13+Sm6M6iH9p1Y=
8,-5,FXHXccVupoZViA8qcrLZ9SSqlk4=,iQiu7p4W9RXF/xUcLFta6O+QVoU=
9,-5,FXHXccVupoZViA8qcrLZ9SSqlk4=,iQiu7p4W9RXF/xUcLFta6O+QVoU=
7,-3,FXHXccVupoZViA8qcrLZ9SSqlk4=,qY//fK7gF0ykj13+Sm6M6iH9p1Y=
7,-5,FXHXccVupoZViA8qcrLZ9SSqlk4=,hVAm+qBzBDDWqL+ZRslUu/xppSU=
10,-5,FXHXccVupoZViA8qcrLZ9SSqlk4=,iQiu7p4W9RXF/xUcLFta6O+QVoU=
12,-10,FXHXccVupoZViA8qcrLZ9SSqlk4=,s1tX3yqKkhkzTu/gNafquoXTprY=
2,-4,FXHXccVupoZViA8qcrLZ9SSqlk4=,YKUE5wDzOzpBbLUw7Wur+fwiK2U=
0,-6,FXHXccVupoZViA8qcrLZ9SSqlk4=,6bxpbE13e3jERhsbC3X/sEqKt68=
1,-6,FXHXccVupoZViA8qcrLZ9SSqlk4=,6bxpbE13e3jERhsbC3X/sEqKt68=
1,-3,FXHXccVupoZViA8qcrLZ9SSqlk4=,YKUE5wDzOzpBbLUw7Wur+fwiK2U=
13,-10,FXHXccVupoZViA8qcrLZ9SSqlk4=,s1tX3yqKkhkzTu/gNafquoXTprY=
9,-9,FXHXccVupoZViA8qcrLZ9SSqlk4=,dNTNLoiLk7cL/qoimw1FQ38L9cg=
7,-13,FXHXccVupoZViA8qcrLZ9SSqlk4=,Z4rk7x26XyN576KF8qvb/3O6LRw=
10,-8,FXHXccVupoZViA8qcrLZ9SSqlk4=,iQiu7p4W9RXF/xUcLFta6O+QVoU=
7,-12,FXHXccVupoZViA8qcrLZ9SSqlk4=,8d+ZNXid9Gh8YTOINfdKoiNji6g=
7,-9,FXHXccVupoZViA8qcrLZ9SSqlk4=,8d+ZNXid9Gh8YTOINfdKoiNji6g=
11,-8,FXHXccVupoZViA8qcrLZ9SSqlk4=,iQiu7p4W9RXF/xUcLFta6O+QVoU=
8,-12,FXHXccVupoZViA8qcrLZ9SSqlk4=,dNTNLoiLk7cL/qoimw1FQ38L9cg=
8,-8,FXHXccVupoZViA8qcrLZ9SSqlk4=,iQiu7p4W9RXF/xUcLFta6O+QVoU=
7,-8,FXHXccVupoZViA8qcrLZ9SSqlk4=,hVAm+qBzBDDWqL+ZRslUu/xppSU=
9,-10,FXHXccVupoZViA8qcrLZ9SSqlk4=,dNTNLoiLk7cL/qoimw1FQ38L9cg=
8,-10,FXHXccVupoZViA8qcrLZ9SSqlk4=,dNTNLoiLk7cL/qoimw1FQ38L9cg=
9,-8,FXHXccVupoZViA8qcrLZ9SSqlk4=,iQiu7p4W9RXF/xUcLFta6O+QVoU=
2,-6,FXHXccVupoZViA8qcrLZ9SSqlk4=,6bxpbE13e3jERhsbC3X/sEqKt68=
3,-6,FXHXccVupoZViA8qcrLZ9SSqlk4=,6bxpbE13e3jERhsbC3X/sEqKt68=
11,-10,FXHXccVupoZViA8qcrLZ9SSqlk4=,dNTNLoiLk7cL/qoimw1FQ38L9cg=
11,-9,FXHXccVupoZViA8qcrLZ9SSqlk4=,dNTNLoiLk7cL/qoimw1FQ38L9cg=
7,-11,FXHXccVupoZViA8qcrLZ9SSqlk4=,8d+ZNXid9Gh8YTOINfdKoiNji6g=
10,-10,FXHXccVupoZViA8qcrLZ9SSqlk4=,dNTNLoiLk7cL/qoimw1FQ38L9cg=
3,-3,FXHXccVupoZViA8qcrLZ9SSqlk4=,YKUE5wDzOzpBbLUw7Wur+fwiK2U=
9,-11,FXHXccVupoZViA8qcrLZ9SSqlk4=,dNTNLoiLk7cL/qoimw1FQ38L9cg=
8,-9,FXHXccVupoZViA8qcrLZ9SSqlk4=,dNTNLoiLk7cL/qoimw1FQ38L9cg=
4,-4,FXHXccVupoZViA8qcrLZ9SSqlk4=,qY//fK7gF0ykj13+Sm6M6iH9p1Y=
10,-9,FXHXccVupoZViA8qcrLZ9SSqlk4=,dNTNLoiLk7cL/qoimw1FQ38L9cg=
7,-10,FXHXccVupoZViA8qcrLZ9SSqlk4=,8d+ZNXid9Gh8YTOINfdKoiNji6g=
6,-10,FXHXccVupoZViA8qcrLZ9SSqlk4=,8d+ZNXid9Gh8YTOINfdKoiNji6g=
6,-11,FXHXccVupoZViA8qcrLZ9SSqlk4=,8d+ZNXid9Gh8YTOINfdKoiNji6g=
8,-11,FXHXccVupoZViA8qcrLZ9SSqlk4=,dNTNLoiLk7cL/qoimw1FQ38L9cg=
3,-1,FXHXccVupoZViA8qcrLZ9SSqlk4=,YKUE5wDzOzpBbLUw7Wur+fwiK2U=
2,-1,FXHXccVupoZViA8qcrLZ9SSqlk4=,YKUE5wDzOzpBbLUw7Wur+fwiK2U=
3,-2,FXHXccVupoZViA8qcrLZ9SSqlk4=,YKUE5wDzOzpBbLUw7Wur+fwiK2U=
0,-3,FXHXccVupoZViA8qcrLZ9SSqlk4=,YKUE5wDzOzpBbLUw7Wur+fwiK2U=
15,-9,FXHXccVupoZViA8qcrLZ9SSqlk4=,s1tX3yqKkhkzTu/gNafquoXTprY=
15,-11,FXHXccVupoZViA8qcrLZ9SSqlk4=,s1tX3yqKkhkzTu/gNafquoXTprY=
15,-10,FXHXccVupoZViA8qcrLZ9SSqlk4=,s1tX3yqKkhkzTu/gNafquoXTprY=
3,-4,FXHXccVupoZViA8qcrLZ9SSqlk4=,YKUE5wDzOzpBbLUw7Wur+fwiK2U=
2,-2,FXHXccVupoZViA8qcrLZ9SSqlk4=,YKUE5wDzOzpBbLUw7Wur+fwiK2U=
14,-16,FXHXccVupoZViA8qcrLZ9SSqlk4=,nHT1V+Hb2EOLleW99pLXDIfhdR8=
14,-12,FXHXccVupoZViA8qcrLZ9SSqlk4=,s1tX3yqKkhkzTu/gNafquoXTprY=
11,-12,FXHXccVupoZViA8qcrLZ9SSqlk4=,dNTNLoiLk7cL/qoimw1FQ38L9cg=
12,-14,FXHXccVupoZViA8qcrLZ9SSqlk4=,nHT1V+Hb2EOLleW99pLXDIfhdR8=
13,-14,FXHXccVupoZViA8qcrLZ9SSqlk4=,nHT1V+Hb2EOLleW99pLXDIfhdR8=
11,-11,FXHXccVupoZViA8qcrLZ9SSqlk4=,dNTNLoiLk7cL/qoimw1FQ38L9cg=
10,-11,FXHXccVupoZViA8qcrLZ9SSqlk4=,dNTNLoiLk7cL/qoimw1FQ38L9cg=
12,-15,FXHXccVupoZViA8qcrLZ9SSqlk4=,nHT1V+Hb2EOLleW99pLXDIfhdR8=
15,-12,FXHXccVupoZViA8qcrLZ9SSqlk4=,s1tX3yqKkhkzTu/gNafquoXTprY=
14,-14,FXHXccVupoZViA8qcrLZ9SSqlk4=,nHT1V+Hb2EOLleW99pLXDIfhdR8=
12,-16,FXHXccVupoZViA8qcrLZ9SSqlk4=,nHT1V+Hb2EOLleW99pLXDIfhdR8=
13,-15,FXHXccVupoZViA8qcrLZ9SSqlk4=,nHT1V+Hb2EOLleW99pLXDIfhdR8=
15,-15,FXHXccVupoZViA8qcrLZ9SSqlk4=,nHT1V+Hb2EOLleW99pLXDIfhdR8=
12,-12,FXHXccVupoZViA8qcrLZ9SSqlk4=,s1tX3yqKkhkzTu/gNafquoXTprY=
12,-11,FXHXccVupoZViA8qcrLZ9SSqlk4=,s1tX3yqKkhkzTu/gNafquoXTprY=
15,-14,FXHXccVupoZViA8qcrLZ9SSqlk4=,nHT1V+Hb2EOLleW99pLXDIfhdR8=
14,-15,FXHXccVupoZViA8qcrLZ9SSqlk4=,nHT1V+Hb2EOLleW99pLXDIfhdR8=
12,-13,FXHXccVupoZViA8qcrLZ9SSqlk4=,nHT1V+Hb2EOLleW99pLXDIfhdR8=
13,-13,FXHXccVupoZViA8qcrLZ9SSqlk4=,nHT1V+Hb2EOLleW99pLXDIfhdR8=
14,-13,FXHXccVupoZViA8qcrLZ9SSqlk4=,nHT1V+Hb2EOLleW99pLXDIfhdR8=
15,-13,FXHXccVupoZViA8qcrLZ9SSqlk4=,nHT1V+Hb2EOLleW99pLXDIfhdR8=
13,-16,FXHXccVupoZViA8qcrLZ9SSqlk4=,nHT1V+Hb2EOLleW99pLXDIfhdR8=
13,-12,FXHXccVupoZViA8qcrLZ9SSqlk4=,s1tX3yqKkhkzTu/gNafquoXTprY=
12,-4,FXHXccVupoZViA8qcrLZ9SSqlk4=,gYfsxTDcXpt40ogrgIYAQePcOTM=
11,-4,FXHXccVupoZViA8qcrLZ9SSqlk4=,lqty4ZEapQVj52y8bsTOvXCbmoQ=
14,-3,FXHXccVupoZViA8qcrLZ9SSqlk4=,gYfsxTDcXpt40ogrgIYAQePcOTM=
11,-3,FXHXccVupoZViA8qcrLZ9SSqlk4=,lqty4ZEapQVj52y8bsTOvXCbmoQ=
15,-3,FXHXccVupoZViA8qcrLZ9SSqlk4=,gYfsxTDcXpt40ogrgIYAQePcOTM=
14,-4,FXHXccVupoZViA8qcrLZ9SSqlk4=,gYfsxTDcXpt40ogrgIYAQePcOTM=
12,-3,FXHXccVupoZViA8qcrLZ9SSqlk4=,gYfsxTDcXpt40ogrgIYAQePcOTM=
13,-4,FXHXccVupoZViA8qcrLZ9SSqlk4=,gYfsxTDcXpt40ogrgIYAQePcOTM=
14,-2,FXHXccVupoZViA8qcrLZ9SSqlk4=,gYfsxTDcXpt40ogrgIYAQePcOTM=
15,-4,FXHXccVupoZViA8qcrLZ9SSqlk4=,gYfsxTDcXpt40ogrgIYAQePcOTM=
6,-16,FXHXccVupoZViA8qcrLZ9SSqlk4=,Z4rk7x26XyN576KF8qvb/3O6LRw=
7,-16,FXHXccVupoZViA8qcrLZ9SSqlk4=,Z4rk7x26XyN576KF8qvb/3O6LRw=
5,-16,FXHXccVupoZViA8qcrLZ9SSqlk4=,Z4rk7x26XyN576KF8qvb/3O6LRw=
0,-16,FXHXccVupoZViA8qcrLZ9SSqlk4=,g+sCAVdO1JuJErqrGRxcXwV4uHw=
15,-16,FXHXccVupoZViA8qcrLZ9SSqlk4=,nHT1V+Hb2EOLleW99pLXDIfhdR8=
4,-15,FXHXccVupoZViA8qcrLZ9SSqlk4=,Z4rk7x26XyN576KF8qvb/3O6LRw=
1,-16,FXHXccVupoZViA8qcrLZ9SSqlk4=,g+sCAVdO1JuJErqrGRxcXwV4uHw=
2,-16,FXHXccVupoZViA8qcrLZ9SSqlk4=,g+sCAVdO1JuJErqrGRxcXwV4uHw=
3,-16,FXHXccVupoZViA8qcrLZ9SSqlk4=,g+sCAVdO1JuJErqrGRxcXwV4uHw=
4,-16,FXHXccVupoZViA8qcrLZ9SSqlk4=,Z4rk7x26XyN576KF8qvb/3O6LRw=
11,-5,FXHXccVupoZViA8qcrLZ9SSqlk4=,iQiu7p4W9RXF/xUcLFta6O+QVoU=
3,-15,FXHXccVupoZViA8qcrLZ9SSqlk4=,g+sCAVdO1JuJErqrGRxcXwV4uHw=
15,-2,FXHXccVupoZViA8qcrLZ9SSqlk4=,gYfsxTDcXpt40ogrgIYAQePcOTM=
13,-3,FXHXccVupoZViA8qcrLZ9SSqlk4=,gYfsxTDcXpt40ogrgIYAQePcOTM=
14,-1,FXHXccVupoZViA8qcrLZ9SSqlk4=,gYfsxTDcXpt40ogrgIYAQePcOTM=
7,-1,FXHXccVupoZViA8qcrLZ9SSqlk4=,qY//fK7gF0ykj13+Sm6M6iH9p1Y=
6,-1,FXHXccVupoZViA8qcrLZ9SSqlk4=,qY//fK7gF0ykj13+Sm6M6iH9p1Y=
15,-1,FXHXccVupoZViA8qcrLZ9SSqlk4=,gYfsxTDcXpt40ogrgIYAQePcOTM=
8,-2,FXHXccVupoZViA8qcrLZ9SSqlk4=,lqty4ZEapQVj52y8bsTOvXCbmoQ=
8,-1,FXHXccVupoZViA8qcrLZ9SSqlk4=,lqty4ZEapQVj52y8bsTOvXCbmoQ=
9,-2,FXHXccVupoZViA8qcrLZ9SSqlk4=,lqty4ZEapQVj52y8bsTOvXCbmoQ=
10,-2,FXHXccVupoZViA8qcrLZ9SSqlk4=,lqty4ZEapQVj52y8bsTOvXCbmoQ=
12,-2,FXHXccVupoZViA8qcrLZ9SSqlk4=,gYfsxTDcXpt40ogrgIYAQePcOTM=
13,-1,FXHXccVupoZViA8qcrLZ9SSqlk4=,gYfsxTDcXpt40ogrgIYAQePcOTM=
13,-2,FXHXccVupoZViA8qcrLZ9SSqlk4=,gYfsxTDcXpt40ogrgIYAQePcOTM=
9,-1,FXHXccVupoZViA8qcrLZ9SSqlk4=,lqty4ZEapQVj52y8bsTOvXCbmoQ=
11,-2,FXHXccVupoZViA8qcrLZ9SSqlk4=,lqty4ZEapQVj52y8bsTOvXCbmoQ=
10,-1,FXHXccVupoZViA8qcrLZ9SSqlk4=,lqty4ZEapQVj52y8bsTOvXCbmoQ=
12,-1,FXHXccVupoZViA8qcrLZ9SSqlk4=,gYfsxTDcXpt40ogrgIYAQePcOTM=
11,-1,FXHXccVupoZViA8qcrLZ9SSqlk4=,lqty4ZEapQVj52y8bsTOvXCbmoQ=
1,-1,FXHXccVupoZViA8qcrLZ9SSqlk4=,YKUE5wDzOzpBbLUw7Wur+fwiK2U=
0,-1,FXHXccVupoZViA8qcrLZ9SSqlk4=,YKUE5wDzOzpBbLUw7Wur+fwiK2U=
1,-2,FXHXccVupoZViA8qcrLZ9SSqlk4=,YKUE5wDzOzpBbLUw7Wur+fwiK2U=
0,-2,FXHXccVupoZViA8qcrLZ9SSqlk4=,YKUE5wDzOzpBbLUw7Wur+fwiK2U=
