-15,-13,pYHoMm502+Zc7FItLh6skc8TAps=,hbdJSwGpc9l+M/XNbFNmEMMhPoM=
-10,-14,bft//p6mh35ESiCJHpDGhOPuFPg=,hbdJSwGpc9l+M/XNbFNmEMMhPoM=
-11,-14,bft//p6mh35ESiCJHpDGhOPuFPg=,hbdJSwGpc9l+M/XNbFNmEMMhPoM=
-12,-14,bft//p6mh35ESiCJHpDGhOPuFPg=,hbdJSwGpc9l+M/XNbFNmEMMhPoM=
-13,-14,bft//p6mh35ESiCJHpDGhOPuFPg=,hbdJSwGpc9l+M/XNbFNmEMMhPoM=
-14,-14,bft//p6mh35ESiCJHpDGhOPuFPg=,hbdJSwGpc9l+M/XNbFNmEMMhPoM=
-15,-14,bft//p6mh35ESiCJHpDGhOPuFPg=,hbdJSwGpc9l+M/XNbFNmEMMhPoM=
-10,-15,bft//p6mh35ESiCJHpDGhOPuFPg=,hbdJSwGpc9l+M/XNbFNmEMMhPoM=
-11,-15,bft//p6mh35ESiCJHpDGhOPuFPg=,hbdJSwGpc9l+M/XNbFNmEMMhPoM=
-12,-15,bft//p6mh35ESiCJHpDGhOPuFPg=,hbdJSwGpc9l+M/XNbFNmEMMhPoM=
-13,-15,bft//p6mh35ESiCJHpDGhOPuFPg=,hbdJSwGpc9l+M/XNbFNmEMMhPoM=
-14,-15,bft//p6mh35ESiCJHpDGhOPuFPg=,hbdJSwGpc9l+M/XNbFNmEMMhPoM=
-15,-15,bft//p6mh35ESiCJHpDGhOPuFPg=,hbdJSwGpc9l+M/XNbFNmEMMhPoM=
-10,-10,bft//p6mh35ESiCJHpDGhOPuFPg=,hbdJSwGpc9l+M/XNbFNmEMMhPoM=
-11,-10,bft//p6mh35ESiCJHpDGhOPuFPg=,hbdJSwGpc9l+M/XNbFNmEMMhPoM=
-12,-10,bft//p6mh35ESiCJHpDGhOPuFPg=,hbdJSwGpc9l+M/XNbFNmEMMhPoM=
-13,-10,bft//p6mh35ESiCJHpDGhOPuFPg=,hbdJSwGpc9l+M/XNbFNmEMMhPoM=
-14,-10,bft//p6mh35ESiCJHpDGhOPuFPg=,hbdJSwGpc9l+M/XNbFNmEMMhPoM=
-15,-10,bft//p6mh35ESiCJHpDGhOPuFPg=,hbdJSwGpc9l+M/XNbFNmEMMhPoM=
-10,-11,bft//p6mh35ESiCJHpDGhOPuFPg=,hbdJSwGpc9l+M/XNbFNmEMMhPoM=
-11,-11,bft//p6mh35ESiCJHpDGhOPuFPg=,hbdJSwGpc9l+M/XNbFNmEMMhPoM=
-12,-11,bft//p6mh35ESiCJHpDGhOPuFPg=,hbdJSwGpc9l+M/XNbFNmEMMhPoM=
-13,-11,bft//p6mh35ESiCJHpDGhOPuFPg=,hbdJSwGpc9l+M/XNbFNmEMMhPoM=
-14,-11,bft//p6mh35ESiCJHpDGhOPuFPg=,hbdJSwGpc9l+M/XNbFNmEMMhPoM=
-15,-11,bft//p6mh35ESiCJHpDGhOPuFPg=,hbdJSwGpc9l+M/XNbFNmEMMhPoM=
-10,-12,bft//p6mh35ESiCJHpDGhOPuFPg=,hbdJSwGpc9l+M/XNbFNmEMMhPoM=
-11,-12,bft//p6mh35ESiCJHpDGhOPuFPg=,hbdJSwGpc9l+M/XNbFNmEMMhPoM=
-12,-12,bft//p6mh35ESiCJHpDGhOPuFPg=,hbdJSwGpc9l+M/XNbFNmEMMhPoM=
-13,-12,bft//p6mh35ESiCJHpDGhOPuFPg=,hbdJSwGpc9l+M/XNbFNmEMMhPoM=
-14,-12,bft//p6mh35ESiCJHpDGhOPuFPg=,hbdJSwGpc9l+M/XNbFNmEMMhPoM=
-15,-12,bft//p6mh35ESiCJHpDGhOPuFPg=,hbdJSwGpc9l+M/XNbFNmEMMhPoM=
-10,-13,eiHn94yS5/+cbP9Wg8G/I7pPfps=,hbdJSwGpc9l+M/XNbFNmEMMhPoM=
-11,-13,eiHn94yS5/+cbP9Wg8G/I7pPfps=,hbdJSwGpc9l+M/XNbFNmEMMhPoM=
-12,-13,eiHn94yS5/+cbP9Wg8G/I7pPfps=,hbdJSwGpc9l+M/XNbFNmEMMhPoM=
-13,-13,eiHn94yS5/+cbP9Wg8G/I7pPfps=,hbdJSwGpc9l+M/XNbFNmEMMhPoM=
-14,-13,eiHn94yS5/+cbP9Wg8G/I7pPfps=,hbdJSwGpc9l+M/XNbFNmEMMhPoM=
-15,-8,eiHn94yS5/+cbP9Wg8G/I7pPfps=,azC0/ZMuqpG7UB+fImzslc58NJM=
-14,-8,eiHn94yS5/+cbP9Wg8G/I7pPfps=,azC0/ZMuqpG7UB+fImzslc58NJM=
-13,-8,eiHn94yS5/+cbP9Wg8G/I7pPfps=,azC0/ZMuqpG7UB+fImzslc58NJM=
-12,-8,eiHn94yS5/+cbP9Wg8G/I7pPfps=,azC0/ZMuqpG7UB+fImzslc58NJM=
-11,-8,eiHn94yS5/+cbP9Wg8G/I7pPfps=,azC0/ZMuqpG7UB+fImzslc58NJM=
-10,-8,eiHn94yS5/+cbP9Wg8G/I7pPfps=,azC0/ZMuqpG7UB+fImzslc58NJM=
-15,-7,eiHn94yS5/+cbP9Wg8G/I7pPfps=,azC0/ZMuqpG7UB+fImzslc58NJM=
-14,-7,eiHn94yS5/+cbP9Wg8G/I7pPfps=,azC0/ZMuqpG7UB+fImzslc58NJM=
-13,-7,eiHn94yS5/+cbP9Wg8G/I7pPfps=,azC0/ZMuqpG7UB+fImzslc58NJM=
-12,-7,eiHn94yS5/+cbP9Wg8G/I7pPfps=,azC0/ZMuqpG7UB+fImzslc58NJM=
-11,-7,eiHn94yS5/+cbP9Wg8G/I7pPfps=,azC0/ZMuqpG7UB+fImzslc58NJM=
-15,-9,eiHn94yS5/+cbP9Wg8G/I7pPfps=,hbdJSwGpc9l+M/XNbFNmEMMhPoM=
-10,-7,eiHn94yS5/+cbP9Wg8G/I7pPfps=,azC0/ZMuqpG7UB+fImzslc58NJM=
-15,-6,Z5p2hKUzXyHNKosD6meYEbIZtEs=,azC0/ZMuqpG7UB+fImzslc58NJM=
-14,-6,Z5p2hKUzXyHNKosD6meYEbIZtEs=,azC0/ZMuqpG7UB+fImzslc58NJM=
-13,-6,Z5p2hKUzXyHNKosD6meYEbIZtEs=,azC0/ZMuqpG7UB+fImzslc58NJM=
-12,-6,Z5p2hKUzXyHNKosD6meYEbIZtEs=,azC0/ZMuqpG7UB+fImzslc58NJM=
-11,-6,Z5p2hKUzXyHNKosD6meYEbIZtEs=,azC0/ZMuqpG7UB+fImzslc58NJM=
-10,-6,Z5p2hKUzXyHNKosD6meYEbIZtEs=,azC0/ZMuqpG7UB+fImzslc58NJM=
-12,-5,Z5p2hKUzXyHNKosD6meYEbIZtEs=,azC0/ZMuqpG7UB+fImzslc58NJM=
-11,-5,Z5p2hKUzXyHNKosD6meYEbIZtEs=,azC0/ZMuqpG7UB+fImzslc58NJM=
-10,-5,Z5p2hKUzXyHNKosD6meYEbIZtEs=,azC0/ZMuqpG7UB+fImzslc58NJM=
-14,-9,Z5p2hKUzXyHNKosD6meYEbIZtEs=,hbdJSwGpc9l+M/XNbFNmEMMhPoM=
-13,-9,Z5p2hKUzXyHNKosD6meYEbIZtEs=,hbdJSwGpc9l+M/XNbFNmEMMhPoM=
-12,-9,Z5p2hKUzXyHNKosD6meYEbIZtEs=,hbdJSwGpc9l+M/XNbFNmEMMhPoM=
-11,-9,Z5p2hKUzXyHNKosD6meYEbIZtEs=,hbdJSwGpc9l+M/XNbFNmEMMhPoM=
-10,-9,Z5p2hKUzXyHNKosD6meYEbIZtEs=,hbdJSwGpc9l+M/XNbFNmEMMhPoM=
-16,-7,Z5p2hKUzXyHNKosD6meYEbIZtEs=,azC0/ZMuqpG7UB+fImzslc58NJM=
-16,-6,Z5p2hKUzXyHNKosD6meYEbIZtEs=,azC0/ZMuqpG7UB+fImzslc58NJM=
-8,-11,Z5p2hKUzXyHNKosD6meYEbIZtEs=,fNY+AdGVZKflRF+zEvPi31r9dys=
-9,-13,Z5p2hKUzXyHNKosD6meYEbIZtEs=,hbdJSwGpc9l+M/XNbFNmEMMhPoM=
-7,-11,Z5p2hKUzXyHNKosD6meYEbIZtEs=,fNY+AdGVZKflRF+zEvPi31r9dys=
-9,-11,1PFsw8dhTm2tFz8Jk6jb5y/qbMI=,hbdJSwGpc9l+M/XNbFNmEMMhPoM=
-8,-10,VbDb03c4GHscASKr+VEHLRM48vM=,fNY+AdGVZKflRF+zEvPi31r9dys=
-7,-10,VbDb03c4GHscASKr+VEHLRM48vM=,fNY+AdGVZKflRF+zEvPi31r9dys=
-9,-10,VbDb03c4GHscASKr+VEHLRM48vM=,hbdJSwGpc9l+M/XNbFNmEMMhPoM=
-9,-15,VbDb03c4GHscASKr+VEHLRM48vM=,hbdJSwGpc9l+M/XNbFNmEMMhPoM=
-1,-16,VbDb03c4GHscASKr+VEHLRM48vM=,fNY+AdGVZKflRF+zEvPi31r9dys=
-1,-13,kC9I5E+rg3FCh33NHFWN+WNH1Ko=,fNY+AdGVZKflRF+zEvPi31r9dys=
-1,-14,kC9I5E+rg3FCh33NHFWN+WNH1Ko=,fNY+AdGVZKflRF+zEvPi31r9dys=
-4,-15,kC9I5E+rg3FCh33NHFWN+WNH1Ko=,fNY+AdGVZKflRF+zEvPi31r9dys=
-1,-15,kC9I5E+rg3FCh33NHFWN+WNH1Ko=,fNY+AdGVZKflRF+zEvPi31r9dys=
-2,-16,kC9I5E+rg3FCh33NHFWN+WNH1Ko=,fNY+AdGVZKflRF+zEvPi31r9dys=
-3,-16,kC9I5E+rg3FCh33NHFWN+WNH1Ko=,fNY+AdGVZKflRF+zEvPi31r9dys=
-3,-15,kC9I5E+rg3FCh33NHFWN+WNH1Ko=,fNY+AdGVZKflRF+zEvPi31r9dys=
-4,-16,kC9I5E+rg3FCh33NHFWN+WNH1Ko=,fNY+AdGVZKflRF+zEvPi31r9dys=
-2,-13,wnpb3H2PTIQUEHCfZJ8jcBM9JSc=,fNY+AdGVZKflRF+zEvPi31r9dys=
-3,-13,wnpb3H2PTIQUEHCfZJ8jcBM9JSc=,fNY+AdGVZKflRF+zEvPi31r9dys=
-4,-13,wnpb3H2PTIQUEHCfZJ8jcBM9JSc=,fNY+AdGVZKflRF+zEvPi31r9dys=
-2,-14,wnpb3H2PTIQUEHCfZJ8jcBM9JSc=,fNY+AdGVZKflRF+zEvPi31r9dys=
-15,-16,wnpb3H2PTIQUEHCfZJ8jcBM9JSc=,hbdJSwGpc9l+M/XNbFNmEMMhPoM=
-14,-16,wnpb3H2PTIQUEHCfZJ8jcBM9JSc=,hbdJSwGpc9l+M/XNbFNmEMMhPoM=
-13,-16,wnpb3H2PTIQUEHCfZJ8jcBM9JSc=,hbdJSwGpc9l+M/XNbFNmEMMhPoM=
-12,-16,wnpb3H2PTIQUEHCfZJ8jcBM9JSc=,hbdJSwGpc9l+M/XNbFNmEMMhPoM=
-11,-16,wnpb3H2PTIQUEHCfZJ8jcBM9JSc=,hbdJSwGpc9l+M/XNbFNmEMMhPoM=
-10,-16,OXwP+2bPjmick5dXcHpPlHxHwwU=,hbdJSwGpc9l+M/XNbFNmEMMhPoM=
-9,-16,OXwP+2bPjmick5dXcHpPlHxHwwU=,hbdJSwGpc9l+M/XNbFNmEMMhPoM=
-2,-15,OXwP+2bPjmick5dXcHpPlHxHwwU=,fNY+AdGVZKflRF+zEvPi31r9dys=
-3,-14,0cMtyfAzDnD9oOM3y7NNVKWTcN4=,fNY+AdGVZKflRF+zEvPi31r9dys=
-8,-16,0cMtyfAzDnD9oOM3y7NNVKWTcN4=,fNY+AdGVZKflRF+zEvPi31r9dys=
-5,-16,aQ7ooapLjCych4y0g+K/iJEXWd0=,fNY+AdGVZKflRF+zEvPi31r9dys=
-4,-14,aQ7ooapLjCych4y0g+K/iJEXWd0=,fNY+AdGVZKflRF+zEvPi31r9dys=
-7,-16,aQ7ooapLjCych4y0g+K/iJEXWd0=,fNY+AdGVZKflRF+zEvPi31r9dys=
-6,-16,aQ7ooapLjCych4y0g+K/iJEXWd0=,fNY+AdGVZKflRF+zEvPi31r9dys=
-16,-8,aQ7ooapLjCych4y0g+K/iJEXWd0=,azC0/ZMuqpG7UB+fImzslc58NJM=
-9,-14,aQ7ooapLjCych4y0g+K/iJEXWd0=,hbdJSwGpc9l+M/XNbFNmEMMhPoM=
-16,-13,aQ7ooapLjCych4y0g+K/iJEXWd0=,hbdJSwGpc9l+M/XNbFNmEMMhPoM=
-16,-12,aQ7ooapLjCych4y0g+K/iJEXWd0=,hbdJSwGpc9l+M/XNbFNmEMMhPoM=
-16,-11,aQ7ooapLjCych4y0g+K/iJEXWd0=,hbdJSwGpc9l+M/XNbFNmEMMhPoM=
-16,-10,aQ7ooapLjCych4y0g+K/iJEXWd0=,hbdJSwGpc9l+M/XNbFNmEMMhPoM=
-16,-9,aQ7ooapLjCych4y0g+K/iJEXWd0=,hbdJSwGpc9l+M/XNbFNmEMMhPoM=
-16,-15,aQ7ooapLjCych4y0g+K/iJEXWd0=,hbdJSwGpc9l+M/XNbFNmEMMhPoM=
-16,-14,aQ7ooapLjCych4y0g+K/iJEXWd0=,hbdJSwGpc9l+M/XNbFNmEMMhPoM=
-5,-13,WrGk9AO+PfP6OI7j5BDjHWf0lZs=,fNY+AdGVZKflRF+zEvPi31r9dys=
-6,-13,WrGk9AO+PfP6OI7j5BDjHWf0lZs=,fNY+AdGVZKflRF+zEvPi31r9dys=
-16,-5,WrGk9AO+PfP6OI7j5BDjHWf0lZs=,azC0/ZMuqpG7UB+fImzslc58NJM=
-14,-5,WrGk9AO+PfP6OI7j5BDjHWf0lZs=,azC0/ZMuqpG7UB+fImzslc58NJM=
-13,-5,WrGk9AO+PfP6OI7j5BDjHWf0lZs=,azC0/ZMuqpG7UB+fImzslc58NJM=
-7,-13,WrGk9AO+PfP6OI7j5BDjHWf0lZs=,fNY+AdGVZKflRF+zEvPi31r9dys=
-8,-15,WrGk9AO+PfP6OI7j5BDjHWf0lZs=,fNY+AdGVZKflRF+zEvPi31r9dys=
-15,-5,WrGk9AO+PfP6OI7j5BDjHWf0lZs=,azC0/ZMuqpG7UB+fImzslc58NJM=
-5,-15,WrGk9AO+PfP6OI7j5BDjHWf0lZs=,fNY+AdGVZKflRF+zEvPi31r9dys=
-6,-15,WrGk9AO+PfP6OI7j5BDjHWf0lZs=,fNY+AdGVZKflRF+zEvPi31r9dys=
-7,-15,WrGk9AO+PfP6OI7j5BDjHWf0lZs=,fNY+AdGVZKflRF+zEvPi31r9dys=
-8,-14,WrGk9AO+PfP6OI7j5BDjHWf0lZs=,fNY+AdGVZKflRF+zEvPi31r9dys=
-7,-14,WrGk9AO+PfP6OI7j5BDjHWf0lZs=,fNY+AdGVZKflRF+zEvPi31r9dys=
-5,-14,WrGk9AO+PfP6OI7j5BDjHWf0lZs=,fNY+AdGVZKflRF+zEvPi31r9dys=
-6,-14,WrGk9AO+PfP6OI7j5BDjHWf0lZs=,fNY+AdGVZKflRF+zEvPi31r9dys=
-8,-13,WrGk9AO+PfP6OI7j5BDjHWf0lZs=,fNY+AdGVZKflRF+zEvPi31r9dys=
-16,-16,b3rNQOxdQby06wX4sdLEjCufH3U=,hbdJSwGpc9l+M/XNbFNmEMMhPoM=
-15,-1,b3rNQOxdQby06wX4sdLEjCufH3U=,azC0/ZMuqpG7UB+fImzslc58NJM=
-16,-1,b3rNQOxdQby06wX4sdLEjCufH3U=,azC0/ZMuqpG7UB+fImzslc58NJM=
-14,-1,b3rNQOxdQby06wX4sdLEjCufH3U=,azC0/ZMuqpG7UB+fImzslc58NJM=
-16,-2,b3rNQOxdQby06wX4sdLEjCufH3U=,azC0/ZMuqpG7UB+fImzslc58NJM=
-16,-3,b3rNQOxdQby06wX4sdLEjCufH3U=,azC0/ZMuqpG7UB+fImzslc58NJM=
-16,-4,b3rNQOxdQby06wX4sdLEjCufH3U=,azC0/ZMuqpG7UB+fImzslc58NJM=
-13,-2,b3rNQOxdQby06wX4sdLEjCufH3U=,azC0/ZMuqpG7UB+fImzslc58NJM=
-13,-1,b3rNQOxdQby06wX4sdLEjCufH3U=,azC0/ZMuqpG7UB+fImzslc58NJM=
-15,-4,b3rNQOxdQby06wX4sdLEjCufH3U=,azC0/ZMuqpG7UB+fImzslc58NJM=
-14,-2,b3rNQOxdQby06wX4sdLEjCufH3U=,azC0/ZMuqpG7UB+fImzslc58NJM=
-15,-2,b3rNQOxdQby06wX4sdLEjCufH3U=,azC0/ZMuqpG7UB+fImzslc58NJM=
-13,-3,b3rNQOxdQby06wX4sdLEjCufH3U=,azC0/ZMuqpG7UB+fImzslc58NJM=
-8,-9,BraazQF3X49+BoUIMzs01RRJLSs=,fNY+AdGVZKflRF+zEvPi31r9dys=
-7,-9,BraazQF3X49+BoUIMzs01RRJLSs=,fNY+AdGVZKflRF+zEvPi31r9dys=
-14,-3,BraazQF3X49+BoUIMzs01RRJLSs=,azC0/ZMuqpG7UB+fImzslc58NJM=
-9,-12,BraazQF3X49+BoUIMzs01RRJLSs=,hbdJSwGpc9l+M/XNbFNmEMMhPoM=
-9,-6,BraazQF3X49+BoUIMzs01RRJLSs=,azC0/ZMuqpG7UB+fImzslc58NJM=
-9,-7,BraazQF3X49+BoUIMzs01RRJLSs=,azC0/ZMuqpG7UB+fImzslc58NJM=
-9,-8,BraazQF3X49+BoUIMzs01RRJLSs=,azC0/ZMuqpG7UB+fImzslc58NJM=
-15,-3,BraazQF3X49+BoUIMzs01RRJLSs=,azC0/ZMuqpG7UB+fImzslc58NJM=
-1,-9,BraazQF3X49+BoUIMzs01RRJLSs=,fNY+AdGVZKflRF+zEvPi31r9dys=
-2,-9,BraazQF3X49+BoUIMzs01RRJLSs=,fNY+AdGVZKflRF+zEvPi31r9dys=
-9,-1,BraazQF3X49+BoUIMzs01RRJLSs=,azC0/ZMuqpG7UB+fImzslc58NJM=
-13,-4,BraazQF3X49+BoUIMzs01RRJLSs=,azC0/ZMuqpG7UB+fImzslc58NJM=
-9,-2,BraazQF3X49+BoUIMzs01RRJLSs=,azC0/ZMuqpG7UB+fImzslc58NJM=
-3,-9,BraazQF3X49+BoUIMzs01RRJLSs=,fNY+AdGVZKflRF+zEvPi31r9dys=
-10,-3,BraazQF3X49+BoUIMzs01RRJLSs=,azC0/ZMuqpG7UB+fImzslc58NJM=
-12,-2,BraazQF3X49+BoUIMzs01RRJLSs=,azC0/ZMuqpG7UB+fImzslc58NJM=
-4,-9,BraazQF3X49+BoUIMzs01RRJLSs=,fNY+AdGVZKflRF+zEvPi31r9dys=
-9,-3,BraazQF3X49+BoUIMzs01RRJLSs=,azC0/ZMuqpG7UB+fImzslc58NJM=
-10,-2,BraazQF3X49+BoUIMzs01RRJLSs=,azC0/ZMuqpG7UB+fImzslc58NJM=
-8,-4,BraazQF3X49+BoUIMzs01RRJLSs=,NcryhC3QzNlmHvLT+z7wBWpb9Q0=
-5,-9,BraazQF3X49+BoUIMzs01RRJLSs=,fNY+AdGVZKflRF+zEvPi31r9dys=
-12,-1,BraazQF3X49+BoUIMzs01RRJLSs=,azC0/ZMuqpG7UB+fImzslc58NJM=
-14,-4,BraazQF3X49+BoUIMzs01RRJLSs=,azC0/ZMuqpG7UB+fImzslc58NJM=
-11,-2,BraazQF3X49+BoUIMzs01RRJLSs=,azC0/ZMuqpG7UB+fImzslc58NJM=
-9,-9,BraazQF3X49+BoUIMzs01RRJLSs=,hbdJSwGpc9l+M/XNbFNmEMMhPoM=
-11,-3,BraazQF3X49+BoUIMzs01RRJLSs=,azC0/ZMuqpG7UB+fImzslc58NJM=
-6,-9,BraazQF3X49+BoUIMzs01RRJLSs=,fNY+AdGVZKflRF+zEvPi31r9dys=
-12,-4,BraazQF3X49+BoUIMzs01RRJLSs=,azC0/ZMuqpG7UB+fImzslc58NJM=
-9,-4,BraazQF3X49+BoUIMzs01RRJLSs=,azC0/ZMuqpG7UB+fImzslc58NJM=
-11,-4,BraazQF3X49+BoUIMzs01RRJLSs=,azC0/ZMuqpG7UB+fImzslc58NJM=
-10,-4,BraazQF3X49+BoUIMzs01RRJLSs=,azC0/ZMuqpG7UB+fImzslc58NJM=
-9,-5,BraazQF3X49+BoUIMzs01RRJLSs=,azC0/ZMuqpG7UB+fImzslc58NJM=
-12,-3,BraazQF3X49+BoUIMzs01RRJLSs=,azC0/ZMuqpG7UB+fImzslc58NJM=
-10,-1,BraazQF3X49+BoUIMzs01RRJLSs=,azC0/ZMuqpG7UB+fImzslc58NJM=
-11,-1,BraazQF3X49+BoUIMzs01RRJLSs=,azC0/ZMuqpG7UB+fImzslc58NJM=
-1,-10,BraazQF3X49+BoUIMzs01RRJLSs=,fNY+AdGVZKflRF+zEvPi31r9dys=
-5,-2,BraazQF3X49+BoUIMzs01RRJLSs=,NcryhC3QzNlmHvLT+z7wBWpb9Q0=
-2,-7,BraazQF3X49+BoUIMzs01RRJLSs=,NcryhC3QzNlmHvLT+z7wBWpb9Q0=
-2,-3,BraazQF3X49+BoUIMzs01RRJLSs=,NcryhC3QzNlmHvLT+z7wBWpb9Q0=
-6,-4,BraazQF3X49+BoUIMzs01RRJLSs=,NcryhC3QzNlmHvLT+z7wBWpb9Q0=
-1,-11,BraazQF3X49+BoUIMzs01RRJLSs=,fNY+AdGVZKflRF+zEvPi31r9dys=
-1,-12,BraazQF3X49+BoUIMzs01RRJLSs=,fNY+AdGVZKflRF+zEvPi31r9dys=
-3,-12,BraazQF3X49+BoUIMzs01RRJLSs=,fNY+AdGVZKflRF+zEvPi31r9dys=
-2,-12,BraazQF3X49+BoUIMzs01RRJLSs=,fNY+AdGVZKflRF+zEvPi31r9dys=
-4,-12,BraazQF3X49+BoUIMzs01RRJLSs=,fNY+AdGVZKflRF+zEvPi31r9dys=
-6,-12,BraazQF3X49+BoUIMzs01RRJLSs=,fNY+AdGVZKflRF+zEvPi31r9dys=
-5,-12,BraazQF3X49+BoUIMzs01RRJLSs=,fNY+AdGVZKflRF+zEvPi31r9dys=
-8,-12,BraazQF3X49+BoUIMzs01RRJLSs=,fNY+AdGVZKflRF+zEvPi31r9dys=
-7,-12,BraazQF3X49+BoUIMzs01RRJLSs=,fNY+AdGVZKflRF+zEvPi31r9dys=
-2,-10,BraazQF3X49+BoUIMzs01RRJLSs=,fNY+AdGVZKflRF+zEvPi31r9dys=
-3,-10,BraazQF3X49+BoUIMzs01RRJLSs=,fNY+AdGVZKflRF+zEvPi31r9dys=
-4,-10,BraazQF3X49+BoUIMzs01RRJLSs=,fNY+AdGVZKflRF+zEvPi31r9dys=
-2,-11,BraazQF3X49+BoUIMzs01RRJLSs=,fNY+AdGVZKflRF+zEvPi31r9dys=
-5,-10,BraazQF3X49+BoUIMzs01RRJLSs=,fNY+AdGVZKflRF+zEvPi31r9dys=
-6,-10,BraazQF3X49+BoUIMzs01RRJLSs=,fNY+AdGVZKflRF+zEvPi31r9dys=
-3,-11,BraazQF3X49+BoUIMzs01RRJLSs=,fNY+AdGVZKflRF+zEvPi31r9dys=
-6,-11,BraazQF3X49+BoUIMzs01RRJLSs=,fNY+AdGVZKflRF+zEvPi31r9dys=
-4,-11,BraazQF3X49+BoUIMzs01RRJLSs=,fNY+AdGVZKflRF+zEvPi31r9dys=
-5,-11,BraazQF3X49+BoUIMzs01RRJLSs=,fNY+AdGVZKflRF+zEvPi31r9dys=
-4,-6,BraazQF3X49+BoUIMzs01RRJLSs=,NcryhC3QzNlmHvLT+z7wBWpb9Q0=
-1,-2,BraazQF3X49+BoUIMzs01RRJLSs=,NcryhC3QzNlmHvLT+z7wBWpb9Q0=
-3,-2,BraazQF3X49+BoUIMzs01RRJLSs=,NcryhC3QzNlmHvLT+z7wBWpb9Q0=
-8,-5,BraazQF3X49+BoUIMzs01RRJLSs=,NcryhC3QzNlmHvLT+z7wBWpb9Q0=
-4,-2,BraazQF3X49+BoUIMzs01RRJLSs=,NcryhC3QzNlmHvLT+z7wBWpb9Q0=
-2,-2,BraazQF3X49+BoUIMzs01RRJLSs=,NcryhC3QzNlmHvLT+z7wBWpb9Q0=
-1,-7,BraazQF3X49+BoUIMzs01RRJLSs=,NcryhC3QzNlmHvLT+z7wBWpb9Q0=
-6,-8,BraazQF3X49+BoUIMzs01RRJLSs=,NcryhC3QzNlmHvLT+z7wBWpb9Q0=
-8,-6,BraazQF3X49+BoUIMzs01RRJLSs=,NcryhC3QzNlmHvLT+z7wBWpb9Q0=
-7,-5,BraazQF3X49+BoUIMzs01RRJLSs=,NcryhC3QzNlmHvLT+z7wBWpb9Q0=
-1,-4,BraazQF3X49+BoUIMzs01RRJLSs=,NcryhC3QzNlmHvLT+z7wBWpb9Q0=
-2,-8,BraazQF3X49+BoUIMzs01RRJLSs=,NcryhC3QzNlmHvLT+z7wBWpb9Q0=
-7,-6,BraazQF3X49+BoUIMzs01RRJLSs=,NcryhC3QzNlmHvLT+z7wBWpb9Q0=
-6,-6,BraazQF3X49+BoUIMzs01RRJLSs=,NcryhC3QzNlmHvLT+z7wBWpb9Q0=
-8,-7,BraazQF3X49+BoUIMzs01RRJLSs=,NcryhC3QzNlmHvLT+z7wBWpb9Q0=
-5,-4,BraazQF3X49+BoUIMzs01RRJLSs=,NcryhC3QzNlmHvLT+z7wBWpb9Q0=
-6,-5,BraazQF3X49+BoUIMzs01RRJLSs=,NcryhC3QzNlmHvLT+z7wBWpb9Q0=
-6,-3,BraazQF3X49+BoUIMzs01RRJLSs=,NcryhC3QzNlmHvLT+z7wBWpb9Q0=
-1,-8,BraazQF3X49+BoUIMzs01RRJLSs=,NcryhC3QzNlmHvLT+z7wBWpb9Q0=
-4,-4,BraazQF3X49+BoUIMzs01RRJLSs=,NcryhC3QzNlmHvLT+z7wBWpb9Q0=
-5,-3,BraazQF3X49+BoUIMzs01RRJLSs=,NcryhC3QzNlmHvLT+z7wBWpb9Q0=
-3,-4,BraazQF3X49+BoUIMzs01RRJLSs=,NcryhC3QzNlmHvLT+z7wBWpb9Q0=
-5,-5,BraazQF3X49+BoUIMzs01RRJLSs=,NcryhC3QzNlmHvLT+z7wBWpb9Q0=
-4,-3,BraazQF3X49+BoUIMzs01RRJLSs=,NcryhC3QzNlmHvLT+z7wBWpb9Q0=
-4,-5,BraazQF3X49+BoUIMzs01RRJLSs=,NcryhC3QzNlmHvLT+z7wBWpb9Q0=
-5,-6,BraazQF3X49+BoUIMzs01RRJLSs=,NcryhC3QzNlmHvLT+z7wBWpb9Q0=
-3,-3,BraazQF3X49+BoUIMzs01RRJLSs=,NcryhC3QzNlmHvLT+z7wBWpb9Q0=
-2,-4,BraazQF3X49+BoUIMzs01RRJLSs=,NcryhC3QzNlmHvLT+z7wBWpb9Q0=
-7,-7,BraazQF3X49+BoUIMzs01RRJLSs=,NcryhC3QzNlmHvLT+z7wBWpb9Q0=
-4,-8,BraazQF3X49+BoUIMzs01RRJLSs=,NcryhC3QzNlmHvLT+z7wBWpb9Q0=
-6,-1,BraazQF3X49+BoUIMzs01RRJLSs=,NcryhC3QzNlmHvLT+z7wBWpb9Q0=
-8,-1,BraazQF3X49+BoUIMzs01RRJLSs=,NcryhC3QzNlmHvLT+z7wBWpb9Q0=
-5,-1,BraazQF3X49+BoUIMzs01RRJLSs=,NcryhC3QzNlmHvLT+z7wBWpb9Q0=
-4,-1,BraazQF3X49+BoUIMzs01RRJLSs=,NcryhC3QzNlmHvLT+z7wBWpb9Q0=
-7,-1,BraazQF3X49+BoUIMzs01RRJLSs=,NcryhC3QzNlmHvLT+z7wBWpb9Q0=
-1,-3,BraazQF3X49+BoUIMzs01RRJLSs=,NcryhC3QzNlmHvLT+z7wBWpb9Q0=
-3,-1,BraazQF3X49+BoUIMzs01RRJLSs=,NcryhC3QzNlmHvLT+z7wBWpb9Q0=
-2,-1,BraazQF3X49+BoUIMzs01RRJLSs=,NcryhC3QzNlmHvLT+z7wBWpb9Q0=
-3,-5,BraazQF3X49+BoUIMzs01RRJLSs=,NcryhC3QzNlmHvLT+z7wBWpb9Q0=
-6,-2,BraazQF3X49+BoUIMzs01RRJLSs=,NcryhC3QzNlmHvLT+z7wBWpb9Q0=
-7,-2,BraazQF3X49+BoUIMzs01RRJLSs=,NcryhC3QzNlmHvLT+z7wBWpb9Q0=
-7,-4,BraazQF3X49+BoUIMzs01RRJLSs=,NcryhC3QzNlmHvLT+z7wBWpb9Q0=
-1,-1,BraazQF3X49+BoUIMzs01RRJLSs=,NcryhC3QzNlmHvLT+z7wBWpb9Q0=
-3,-8,BraazQF3X49+BoUIMzs01RRJLSs=,NcryhC3QzNlmHvLT+z7wBWpb9Q0=
-7,-3,BraazQF3X49+BoUIMzs01RRJLSs=,NcryhC3QzNlmHvLT+z7wBWpb9Q0=
-6,-7,BraazQF3X49+BoUIMzs01RRJLSs=,NcryhC3QzNlmHvLT+z7wBWpb9Q0=
-8,-2,BraazQF3X49+BoUIMzs01RRJLSs=,NcryhC3QzNlmHvLT+z7wBWpb9Q0=
-8,-3,BraazQF3X49+BoUIMzs01RRJLSs=,NcryhC3QzNlmHvLT+z7wBWpb9Q0=
-7,-8,BraazQF3X49+BoUIMzs01RRJLSs=,NcryhC3QzNlmHvLT+z7wBWpb9Q0=
-5,-7,BraazQF3X49+BoUIMzs01RRJLSs=,NcryhC3QzNlmHvLT+z7wBWpb9Q0=
-8,-8,BraazQF3X49+BoUIMzs01RRJLSs=,NcryhC3QzNlmHvLT+z7wBWpb9Q0=
-1,-5,BraazQF3X49+BoUIMzs01RRJLSs=,NcryhC3QzNlmHvLT+z7wBWpb9Q0=
-3,-7,BraazQF3X49+BoUIMzs01RRJLSs=,NcryhC3QzNlmHvLT+z7wBWpb9Q0=
-5,-8,BraazQF3X49+BoUIMzs01RRJLSs=,NcryhC3QzNlmHvLT+z7wBWpb9Q0=
-1,-6,BraazQF3X49+BoUIMzs01RRJLSs=,NcryhC3QzNlmHvLT+z7wBWpb9Q0=
-4,-7,BraazQF3X49+BoUIMzs01RRJLSs=,NcryhC3QzNlmHvLT+z7wBWpb9Q0=
-2,-5,BraazQF3X49+BoUIMzs01RRJLSs=,NcryhC3QzNlmHvLT+z7wBWpb9Q0=
-2,-6,BraazQF3X49+BoUIMzs01RRJLSs=,NcryhC3QzNlmHvLT+z7wBWpb9Q0=
-3,-6,BraazQF3X49+BoUIMzs01RRJLSs=,NcryhC3QzNlmHvLT+z7wBWpb9Q0=
-15,-23,BraazQF3X49+BoUIMzs01RRJLSs=,obWzhO4v7ZChoM4vGDdHNFldXvM=
-15,-17,2I+OpOTDz+T3VstPjBZgWF3J4wU=,obWzhO4v7ZChoM4vGDdHNFldXvM=
-14,-17,2I+OpOTDz+T3VstPjBZgWF3J4wU=,obWzhO4v7ZChoM4vGDdHNFldXvM=
-13,-17,2I+OpOTDz+T3VstPjBZgWF3J4wU=,obWzhO4v7ZChoM4vGDdHNFldXvM=
-12,-17,2I+OpOTDz+T3VstPjBZgWF3J4wU=,obWzhO4v7ZChoM4vGDdHNFldXvM=
-11,-17,12Lp7n8RPJSg8pEkqAtfhh50M2Y=,obWzhO4v7ZChoM4vGDdHNFldXvM=
-10,-17,12Lp7n8RPJSg8pEkqAtfhh50M2Y=,obWzhO4v7ZChoM4vGDdHNFldXvM=
-10,-24,12Lp7n8RPJSg8pEkqAtfhh50M2Y=,obWzhO4v7ZChoM4vGDdHNFldXvM=
-11,-24,12Lp7n8RPJSg8pEkqAtfhh50M2Y=,obWzhO4v7ZChoM4vGDdHNFldXvM=
-12,-24,12Lp7n8RPJSg8pEkqAtfhh50M2Y=,obWzhO4v7ZChoM4vGDdHNFldXvM=
-13,-24,12Lp7n8RPJSg8pEkqAtfhh50M2Y=,obWzhO4v7ZChoM4vGDdHNFldXvM=
-10,-18,12Lp7n8RPJSg8pEkqAtfhh50M2Y=,obWzhO4v7ZChoM4vGDdHNFldXvM=
-11,-18,12Lp7n8RPJSg8pEkqAtfhh50M2Y=,obWzhO4v7ZChoM4vGDdHNFldXvM=
-12,-18,12Lp7n8RPJSg8pEkqAtfhh50M2Y=,obWzhO4v7ZChoM4vGDdHNFldXvM=
-13,-18,12Lp7n8RPJSg8pEkqAtfhh50M2Y=,obWzhO4v7ZChoM4vGDdHNFldXvM=
-14,-18,12Lp7n8RPJSg8pEkqAtfhh50M2Y=,obWzhO4v7ZChoM4vGDdHNFldXvM=
-15,-18,12Lp7n8RPJSg8pEkqAtfhh50M2Y=,obWzhO4v7ZChoM4vGDdHNFldXvM=
-14,-24,12Lp7n8RPJSg8pEkqAtfhh50M2Y=,obWzhO4v7ZChoM4vGDdHNFldXvM=
-10,-19,12Lp7n8RPJSg8pEkqAtfhh50M2Y=,obWzhO4v7ZChoM4vGDdHNFldXvM=
-11,-19,12Lp7n8RPJSg8pEkqAtfhh50M2Y=,obWzhO4v7ZChoM4vGDdHNFldXvM=
-12,-19,12Lp7n8RPJSg8pEkqAtfhh50M2Y=,obWzhO4v7ZChoM4vGDdHNFldXvM=
-13,-19,12Lp7n8RPJSg8pEkqAtfhh50M2Y=,obWzhO4v7ZChoM4vGDdHNFldXvM=
-15,-24,12Lp7n8RPJSg8pEkqAtfhh50M2Y=,obWzhO4v7ZChoM4vGDdHNFldXvM=
-14,-19,12Lp7n8RPJSg8pEkqAtfhh50M2Y=,obWzhO4v7ZChoM4vGDdHNFldXvM=
-15,-19,12Lp7n8RPJSg8pEkqAtfhh50M2Y=,obWzhO4v7ZChoM4vGDdHNFldXvM=
-10,-20,12Lp7n8RPJSg8pEkqAtfhh50M2Y=,obWzhO4v7ZChoM4vGDdHNFldXvM=
-11,-20,12Lp7n8RPJSg8pEkqAtfhh50M2Y=,obWzhO4v7ZChoM4vGDdHNFldXvM=
-12,-20,12Lp7n8RPJSg8pEkqAtfhh50M2Y=,obWzhO4v7ZChoM4vGDdHNFldXvM=
-13,-20,12Lp7n8RPJSg8pEkqAtfhh50M2Y=,obWzhO4v7ZChoM4vGDdHNFldXvM=
-14,-20,12Lp7n8RPJSg8pEkqAtfhh50M2Y=,obWzhO4v7ZChoM4vGDdHNFldXvM=
-15,-20,12Lp7n8RPJSg8pEkqAtfhh50M2Y=,obWzhO4v7ZChoM4vGDdHNFldXvM=
-10,-21,12Lp7n8RPJSg8pEkqAtfhh50M2Y=,obWzhO4v7ZChoM4vGDdHNFldXvM=
-11,-21,12Lp7n8RPJSg8pEkqAtfhh50M2Y=,obWzhO4v7ZChoM4vGDdHNFldXvM=
-12,-21,12Lp7n8RPJSg8pEkqAtfhh50M2Y=,obWzhO4v7ZChoM4vGDdHNFldXvM=
-13,-21,12Lp7n8RPJSg8pEkqAtfhh50M2Y=,obWzhO4v7ZChoM4vGDdHNFldXvM=
-14,-21,12Lp7n8RPJSg8pEkqAtfhh50M2Y=,obWzhO4v7ZChoM4vGDdHNFldXvM=
-15,-21,12Lp7n8RPJSg8pEkqAtfhh50M2Y=,obWzhO4v7ZChoM4vGDdHNFldXvM=
-10,-22,12Lp7n8RPJSg8pEkqAtfhh50M2Y=,obWzhO4v7ZChoM4vGDdHNFldXvM=
-11,-22,12Lp7n8RPJSg8pEkqAtfhh50M2Y=,obWzhO4v7ZChoM4vGDdHNFldXvM=
-12,-22,12Lp7n8RPJSg8pEkqAtfhh50M2Y=,obWzhO4v7ZChoM4vGDdHNFldXvM=
-13,-22,12Lp7n8RPJSg8pEkqAtfhh50M2Y=,obWzhO4v7ZChoM4vGDdHNFldXvM=
-14,-22,12Lp7n8RPJSg8pEkqAtfhh50M2Y=,obWzhO4v7ZChoM4vGDdHNFldXvM=
-15,-22,12Lp7n8RPJSg8pEkqAtfhh50M2Y=,obWzhO4v7ZChoM4vGDdHNFldXvM=
-10,-23,12Lp7n8RPJSg8pEkqAtfhh50M2Y=,obWzhO4v7ZChoM4vGDdHNFldXvM=
-11,-23,12Lp7n8RPJSg8pEkqAtfhh50M2Y=,obWzhO4v7ZChoM4vGDdHNFldXvM=
-12,-23,12Lp7n8RPJSg8pEkqAtfhh50M2Y=,obWzhO4v7ZChoM4vGDdHNFldXvM=
-13,-23,12Lp7n8RPJSg8pEkqAtfhh50M2Y=,obWzhO4v7ZChoM4vGDdHNFldXvM=
-14,-23,12Lp7n8RPJSg8pEkqAtfhh50M2Y=,obWzhO4v7ZChoM4vGDdHNFldXvM=
-16,-23,12Lp7n8RPJSg8pEkqAtfhh50M2Y=,obWzhO4v7ZChoM4vGDdHNFldXvM=
-16,-22,12Lp7n8RPJSg8pEkqAtfhh50M2Y=,obWzhO4v7ZChoM4vGDdHNFldXvM=
-16,-21,12Lp7n8RPJSg8pEkqAtfhh50M2Y=,obWzhO4v7ZChoM4vGDdHNFldXvM=
-16,-20,12Lp7n8RPJSg8pEkqAtfhh50M2Y=,obWzhO4v7ZChoM4vGDdHNFldXvM=
-16,-19,12Lp7n8RPJSg8pEkqAtfhh50M2Y=,obWzhO4v7ZChoM4vGDdHNFldXvM=
-16,-18,12Lp7n8RPJSg8pEkqAtfhh50M2Y=,obWzhO4v7ZChoM4vGDdHNFldXvM=
-16,-17,12Lp7n8RPJSg8pEkqAtfhh50M2Y=,obWzhO4v7ZChoM4vGDdHNFldXvM=
-16,-24,12Lp7n8RPJSg8pEkqAtfhh50M2Y=,obWzhO4v7ZChoM4vGDdHNFldXvM=
-4,-21,12Lp7n8RPJSg8pEkqAtfhh50M2Y=,kpEiP7x9JXIC9IIk9XZBsKYIaPI=
-4,-24,12Lp7n8RPJSg8pEkqAtfhh50M2Y=,kpEiP7x9JXIC9IIk9XZBsKYIaPI=
-3,-21,12Lp7n8RPJSg8pEkqAtfhh50M2Y=,kpEiP7x9JXIC9IIk9XZBsKYIaPI=
-2,-21,12Lp7n8RPJSg8pEkqAtfhh50M2Y=,kpEiP7x9JXIC9IIk9XZBsKYIaPI=
-1,-21,12Lp7n8RPJSg8pEkqAtfhh50M2Y=,kpEiP7x9JXIC9IIk9XZBsKYIaPI=
-2,-19,12Lp7n8RPJSg8pEkqAtfhh50M2Y=,kpEiP7x9JXIC9IIk9XZBsKYIaPI=
-8,-20,12Lp7n8RPJSg8pEkqAtfhh50M2Y=,kpEiP7x9JXIC9IIk9XZBsKYIaPI=
-7,-20,12Lp7n8RPJSg8pEkqAtfhh50M2Y=,kpEiP7x9JXIC9IIk9XZBsKYIaPI=
-9,-23,12Lp7n8RPJSg8pEkqAtfhh50M2Y=,obWzhO4v7ZChoM4vGDdHNFldXvM=
-6,-20,12Lp7n8RPJSg8pEkqAtfhh50M2Y=,kpEiP7x9JXIC9IIk9XZBsKYIaPI=
-8,-21,12Lp7n8RPJSg8pEkqAtfhh50M2Y=,kpEiP7x9JXIC9IIk9XZBsKYIaPI=
-2,-23,12Lp7n8RPJSg8pEkqAtfhh50M2Y=,kpEiP7x9JXIC9IIk9XZBsKYIaPI=
-2,-20,12Lp7n8RPJSg8pEkqAtfhh50M2Y=,kpEiP7x9JXIC9IIk9XZBsKYIaPI=
-1,-20,12Lp7n8RPJSg8pEkqAtfhh50M2Y=,kpEiP7x9JXIC9IIk9XZBsKYIaPI=
-3,-24,12Lp7n8RPJSg8pEkqAtfhh50M2Y=,kpEiP7x9JXIC9IIk9XZBsKYIaPI=
-8,-19,12Lp7n8RPJSg8pEkqAtfhh50M2Y=,kpEiP7x9JXIC9IIk9XZBsKYIaPI=
-7,-19,12Lp7n8RPJSg8pEkqAtfhh50M2Y=,kpEiP7x9JXIC9IIk9XZBsKYIaPI=
-6,-19,12Lp7n8RPJSg8pEkqAtfhh50M2Y=,kpEiP7x9JXIC9IIk9XZBsKYIaPI=
-2,-24,12Lp7n8RPJSg8pEkqAtfhh50M2Y=,kpEiP7x9JXIC9IIk9XZBsKYIaPI=
-5,-19,12Lp7n8RPJSg8pEkqAtfhh50M2Y=,kpEiP7x9JXIC9IIk9XZBsKYIaPI=
-6,-21,12Lp7n8RPJSg8pEkqAtfhh50M2Y=,kpEiP7x9JXIC9IIk9XZBsKYIaPI=
-9,-22,12Lp7n8RPJSg8pEkqAtfhh50M2Y=,obWzhO4v7ZChoM4vGDdHNFldXvM=
-1,-24,12Lp7n8RPJSg8pEkqAtfhh50M2Y=,kpEiP7x9JXIC9IIk9XZBsKYIaPI=
-1,-19,12Lp7n8RPJSg8pEkqAtfhh50M2Y=,kpEiP7x9JXIC9IIk9XZBsKYIaPI=
-8,-23,12Lp7n8RPJSg8pEkqAtfhh50M2Y=,kpEiP7x9JXIC9IIk9XZBsKYIaPI=
-8,-18,12Lp7n8RPJSg8pEkqAtfhh50M2Y=,kpEiP7x9JXIC9IIk9XZBsKYIaPI=
-6,-18,12Lp7n8RPJSg8pEkqAtfhh50M2Y=,kpEiP7x9JXIC9IIk9XZBsKYIaPI=
-6,-24,12Lp7n8RPJSg8pEkqAtfhh50M2Y=,kpEiP7x9JXIC9IIk9XZBsKYIaPI=
-7,-23,12Lp7n8RPJSg8pEkqAtfhh50M2Y=,kpEiP7x9JXIC9IIk9XZBsKYIaPI=
-9,-21,12Lp7n8RPJSg8pEkqAtfhh50M2Y=,obWzhO4v7ZChoM4vGDdHNFldXvM=
-9,-20,12Lp7n8RPJSg8pEkqAtfhh50M2Y=,obWzhO4v7ZChoM4vGDdHNFldXvM=
-5,-18,12Lp7n8RPJSg8pEkqAtfhh50M2Y=,kpEiP7x9JXIC9IIk9XZBsKYIaPI=
-8,-24,12Lp7n8RPJSg8pEkqAtfhh50M2Y=,kpEiP7x9JXIC9IIk9XZBsKYIaPI=
-5,-20,12Lp7n8RPJSg8pEkqAtfhh50M2Y=,kpEiP7x9JXIC9IIk9XZBsKYIaPI=
-1,-23,12Lp7n8RPJSg8pEkqAtfhh50M2Y=,kpEiP7x9JXIC9IIk9XZBsKYIaPI=
-8,-22,12Lp7n8RPJSg8pEkqAtfhh50M2Y=,kpEiP7x9JXIC9IIk9XZBsKYIaPI=
-7,-22,12Lp7n8RPJSg8pEkqAtfhh50M2Y=,kpEiP7x9JXIC9IIk9XZBsKYIaPI=
-6,-22,12Lp7n8RPJSg8pEkqAtfhh50M2Y=,kpEiP7x9JXIC9IIk9XZBsKYIaPI=
-5,-22,12Lp7n8RPJSg8pEkqAtfhh50M2Y=,kpEiP7x9JXIC9IIk9XZBsKYIaPI=
-4,-22,12Lp7n8RPJSg8pEkqAtfhh50M2Y=,kpEiP7x9JXIC9IIk9XZBsKYIaPI=
-3,-22,12Lp7n8RPJSg8pEkqAtfhh50M2Y=,kpEiP7x9JXIC9IIk9XZBsKYIaPI=
-9,-19,12Lp7n8RPJSg8pEkqAtfhh50M2Y=,obWzhO4v7ZChoM4vGDdHNFldXvM=
-4,-18,12Lp7n8RPJSg8pEkqAtfhh50M2Y=,kpEiP7x9JXIC9IIk9XZBsKYIaPI=
-6,-23,12Lp7n8RPJSg8pEkqAtfhh50M2Y=,kpEiP7x9JXIC9IIk9XZBsKYIaPI=
-4,-20,12Lp7n8RPJSg8pEkqAtfhh50M2Y=,kpEiP7x9JXIC9IIk9XZBsKYIaPI=
-3,-20,12Lp7n8RPJSg8pEkqAtfhh50M2Y=,kpEiP7x9JXIC9IIk9XZBsKYIaPI=
-7,-21,12Lp7n8RPJSg8pEkqAtfhh50M2Y=,kpEiP7x9JXIC9IIk9XZBsKYIaPI=
-2,-22,12Lp7n8RPJSg8pEkqAtfhh50M2Y=,kpEiP7x9JXIC9IIk9XZBsKYIaPI=
-3,-18,12Lp7n8RPJSg8pEkqAtfhh50M2Y=,kpEiP7x9JXIC9IIk9XZBsKYIaPI=
-4,-19,12Lp7n8RPJSg8pEkqAtfhh50M2Y=,kpEiP7x9JXIC9IIk9XZBsKYIaPI=
-3,-19,12Lp7n8RPJSg8pEkqAtfhh50M2Y=,kpEiP7x9JXIC9IIk9XZBsKYIaPI=
-9,-18,12Lp7n8RPJSg8pEkqAtfhh50M2Y=,obWzhO4v7ZChoM4vGDdHNFldXvM=
-5,-21,12Lp7n8RPJSg8pEkqAtfhh50M2Y=,kpEiP7x9JXIC9IIk9XZBsKYIaPI=
-1,-18,12Lp7n8RPJSg8pEkqAtfhh50M2Y=,kpEiP7x9JXIC9IIk9XZBsKYIaPI=
-2,-18,12Lp7n8RPJSg8pEkqAtfhh50M2Y=,kpEiP7x9JXIC9IIk9XZBsKYIaPI=
-7,-24,12Lp7n8RPJSg8pEkqAtfhh50M2Y=,kpEiP7x9JXIC9IIk9XZBsKYIaPI=
-5,-23,12Lp7n8RPJSg8pEkqAtfhh50M2Y=,kpEiP7x9JXIC9IIk9XZBsKYIaPI=
-4,-23,12Lp7n8RPJSg8pEkqAtfhh50M2Y=,kpEiP7x9JXIC9IIk9XZBsKYIaPI=
-3,-23,12Lp7n8RPJSg8pEkqAtfhh50M2Y=,kpEiP7x9JXIC9IIk9XZBsKYIaPI=
-5,-24,12Lp7n8RPJSg8pEkqAtfhh50M2Y=,kpEiP7x9JXIC9IIk9XZBsKYIaPI=
-1,-22,12Lp7n8RPJSg8pEkqAtfhh50M2Y=,kpEiP7x9JXIC9IIk9XZBsKYIaPI=
-9,-24,12Lp7n8RPJSg8pEkqAtfhh50M2Y=,obWzhO4v7ZChoM4vGDdHNFldXvM=
-1,-17,12Lp7n8RPJSg8pEkqAtfhh50M2Y=,kpEiP7x9JXIC9IIk9XZBsKYIaPI=
-2,-17,12Lp7n8RPJSg8pEkqAtfhh50M2Y=,kpEiP7x9JXIC9IIk9XZBsKYIaPI=
-9,-17,12Lp7n8RPJSg8pEkqAtfhh50M2Y=,obWzhO4v7ZChoM4vGDdHNFldXvM=
-3,-17,12Lp7n8RPJSg8pEkqAtfhh50M2Y=,kpEiP7x9JXIC9IIk9XZBsKYIaPI=
-5,-17,12Lp7n8RPJSg8pEkqAtfhh50M2Y=,kpEiP7x9JXIC9IIk9XZBsKYIaPI=
-4,-17,12Lp7n8RPJSg8pEkqAtfhh50M2Y=,kpEiP7x9JXIC9IIk9XZBsKYIaPI=
-7,-18,12Lp7n8RPJSg8pEkqAtfhh50M2Y=,kpEiP7x9JXIC9IIk9XZBsKYIaPI=
-7,-17,12Lp7n8RPJSg8pEkqAtfhh50M2Y=,kpEiP7x9JXIC9IIk9XZBsKYIaPI=
-6,-17,12Lp7n8RPJSg8pEkqAtfhh50M2Y=,kpEiP7x9JXIC9IIk9XZBsKYIaPI=
-8,-17,12Lp7n8RPJSg8pEkqAtfhh50M2Y=,kpEiP7x9JXIC9IIk9XZBsKYIaPI=
-31,-8,bUErjBGpLf97dGpWejTZYvAgR4M=,90ceA7nv59h8yViP5nYgEV7UcO4=
-26,-1,Xnf4HnveUJSLfbbVVrAUMdYaITw=,90ceA7nv59h8yViP5nYgEV7UcO4=
-27,-1,JrFDL85SLb7/NAs/RKuUWrWin/k=,90ceA7nv59h8yViP5nYgEV7UcO4=
-28,-1,+exSWmRFUSRZirddNrO62UoQ6ys=,90ceA7nv59h8yViP5nYgEV7UcO4=
-29,-1,2GujGJvFzYoqCaSuqx62p5eU0KQ=,90ceA7nv59h8yViP5nYgEV7UcO4=
-30,-1,2nlVkQMxk3u7AUMrqJWA+c5DI5U=,90ceA7nv59h8yViP5nYgEV7UcO4=
-31,-1,2nlVkQMxk3u7AUMrqJWA+c5DI5U=,90ceA7nv59h8yViP5nYgEV7UcO4=
-32,-1,tV7UxmZh0W1RxBfZvJzpfIaQr54=,90ceA7nv59h8yViP5nYgEV7UcO4=
-26,-8,27gtlVMFeLxlxNvqfFyN5LuEKtE=,90ceA7nv59h8yViP5nYgEV7UcO4=
-26,-7,H0ENeiU4APeFTkKY6JBnXINvlI8=,90ceA7nv59h8yViP5nYgEV7UcO4=
-27,-8,H0ENeiU4APeFTkKY6JBnXINvlI8=,90ceA7nv59h8yViP5nYgEV7UcO4=
-27,-7,H0ENeiU4APeFTkKY6JBnXINvlI8=,90ceA7nv59h8yViP5nYgEV7UcO4=
-28,-7,H0ENeiU4APeFTkKY6JBnXINvlI8=,90ceA7nv59h8yViP5nYgEV7UcO4=
-28,-8,mjnT5/2rHJnVhYAyuYxsPKHvUnM=,90ceA7nv59h8yViP5nYgEV7UcO4=
-31,-7,mjnT5/2rHJnVhYAyuYxsPKHvUnM=,90ceA7nv59h8yViP5nYgEV7UcO4=
-32,-8,mjnT5/2rHJnVhYAyuYxsPKHvUnM=,90ceA7nv59h8yViP5nYgEV7UcO4=
-29,-2,mjnT5/2rHJnVhYAyuYxsPKHvUnM=,90ceA7nv59h8yViP5nYgEV7UcO4=
-29,-7,mjnT5/2rHJnVhYAyuYxsPKHvUnM=,90ceA7nv59h8yViP5nYgEV7UcO4=
-30,-2,mjnT5/2rHJnVhYAyuYxsPKHvUnM=,90ceA7nv59h8yViP5nYgEV7UcO4=
-32,-7,mjnT5/2rHJnVhYAyuYxsPKHvUnM=,90ceA7nv59h8yViP5nYgEV7UcO4=
-31,-2,BSkb5NZyMLl58j2gIVkcXewMeYU=,90ceA7nv59h8yViP5nYgEV7UcO4=
-32,-6,BSkb5NZyMLl58j2gIVkcXewMeYU=,90ceA7nv59h8yViP5nYgEV7UcO4=
-30,-8,BSkb5NZyMLl58j2gIVkcXewMeYU=,90ceA7nv59h8yViP5nYgEV7UcO4=
-29,-8,BSkb5NZyMLl58j2gIVkcXewMeYU=,90ceA7nv59h8yViP5nYgEV7UcO4=
-31,-6,BSkb5NZyMLl58j2gIVkcXewMeYU=,90ceA7nv59h8yViP5nYgEV7UcO4=
-30,-3,BSkb5NZyMLl58j2gIVkcXewMeYU=,90ceA7nv59h8yViP5nYgEV7UcO4=
-31,-3,BSkb5NZyMLl58j2gIVkcXewMeYU=,90ceA7nv59h8yViP5nYgEV7UcO4=
-18,-7,BSkb5NZyMLl58j2gIVkcXewMeYU=,PPXv/+pSJ/Gs0qesuELl3O9PTTY=
-22,-8,BSkb5NZyMLl58j2gIVkcXewMeYU=,PPXv/+pSJ/Gs0qesuELl3O9PTTY=
-20,-8,BSkb5NZyMLl58j2gIVkcXewMeYU=,PPXv/+pSJ/Gs0qesuELl3O9PTTY=
-19,-8,BSkb5NZyMLl58j2gIVkcXewMeYU=,PPXv/+pSJ/Gs0qesuELl3O9PTTY=
-18,-8,BSkb5NZyMLl58j2gIVkcXewMeYU=,PPXv/+pSJ/Gs0qesuELl3O9PTTY=
-17,-8,BSkb5NZyMLl58j2gIVkcXewMeYU=,PPXv/+pSJ/Gs0qesuELl3O9PTTY=
-24,-1,BSkb5NZyMLl58j2gIVkcXewMeYU=,PPXv/+pSJ/Gs0qesuELl3O9PTTY=
-17,-7,BSkb5NZyMLl58j2gIVkcXewMeYU=,PPXv/+pSJ/Gs0qesuELl3O9PTTY=
-24,-8,BSkb5NZyMLl58j2gIVkcXewMeYU=,PPXv/+pSJ/Gs0qesuELl3O9PTTY=
-24,-7,BSkb5NZyMLl58j2gIVkcXewMeYU=,PPXv/+pSJ/Gs0qesuELl3O9PTTY=
-25,-7,BSkb5NZyMLl58j2gIVkcXewMeYU=,90ceA7nv59h8yViP5nYgEV7UcO4=
-24,-6,BSkb5NZyMLl58j2gIVkcXewMeYU=,PPXv/+pSJ/Gs0qesuELl3O9PTTY=
-23,-6,BSkb5NZyMLl58j2gIVkcXewMeYU=,PPXv/+pSJ/Gs0qesuELl3O9PTTY=
-25,-6,BSkb5NZyMLl58j2gIVkcXewMeYU=,90ceA7nv59h8yViP5nYgEV7UcO4=
-21,-8,BSkb5NZyMLl58j2gIVkcXewMeYU=,PPXv/+pSJ/Gs0qesuELl3O9PTTY=
-23,-7,BSkb5NZyMLl58j2gIVkcXewMeYU=,PPXv/+pSJ/Gs0qesuELl3O9PTTY=
-22,-7,BSkb5NZyMLl58j2gIVkcXewMeYU=,PPXv/+pSJ/Gs0qesuELl3O9PTTY=
-22,-6,BSkb5NZyMLl58j2gIVkcXewMeYU=,PPXv/+pSJ/Gs0qesuELl3O9PTTY=
-21,-6,BSkb5NZyMLl58j2gIVkcXewMeYU=,PPXv/+pSJ/Gs0qesuELl3O9PTTY=
-20,-6,BSkb5NZyMLl58j2gIVkcXewMeYU=,PPXv/+pSJ/Gs0qesuELl3O9PTTY=
-19,-6,BSkb5NZyMLl58j2gIVkcXewMeYU=,PPXv/+pSJ/Gs0qesuELl3O9PTTY=
-18,-6,BSkb5NZyMLl58j2gIVkcXewMeYU=,PPXv/+pSJ/Gs0qesuELl3O9PTTY=
-21,-7,BSkb5NZyMLl58j2gIVkcXewMeYU=,PPXv/+pSJ/Gs0qesuELl3O9PTTY=
-17,-6,BSkb5NZyMLl58j2gIVkcXewMeYU=,PPXv/+pSJ/Gs0qesuELl3O9PTTY=
-20,-7,BSkb5NZyMLl58j2gIVkcXewMeYU=,PPXv/+pSJ/Gs0qesuELl3O9PTTY=
-23,-8,BSkb5NZyMLl58j2gIVkcXewMeYU=,PPXv/+pSJ/Gs0qesuELl3O9PTTY=
-25,-1,BSkb5NZyMLl58j2gIVkcXewMeYU=,90ceA7nv59h8yViP5nYgEV7UcO4=
-30,-6,BSkb5NZyMLl58j2gIVkcXewMeYU=,90ceA7nv59h8yViP5nYgEV7UcO4=
-32,-3,BSkb5NZyMLl58j2gIVkcXewMeYU=,90ceA7nv59h8yViP5nYgEV7UcO4=
-25,-2,BSkb5NZyMLl58j2gIVkcXewMeYU=,90ceA7nv59h8yViP5nYgEV7UcO4=
-30,-7,BSkb5NZyMLl58j2gIVkcXewMeYU=,90ceA7nv59h8yViP5nYgEV7UcO4=
-29,-4,BSkb5NZyMLl58j2gIVkcXewMeYU=,90ceA7nv59h8yViP5nYgEV7UcO4=
-32,-2,BSkb5NZyMLl58j2gIVkcXewMeYU=,90ceA7nv59h8yViP5nYgEV7UcO4=
-29,-6,BSkb5NZyMLl58j2gIVkcXewMeYU=,90ceA7nv59h8yViP5nYgEV7UcO4=
-30,-4,BSkb5NZyMLl58j2gIVkcXewMeYU=,90ceA7nv59h8yViP5nYgEV7UcO4=
-32,-5,BSkb5NZyMLl58j2gIVkcXewMeYU=,90ceA7nv59h8yViP5nYgEV7UcO4=
-29,-3,BSkb5NZyMLl58j2gIVkcXewMeYU=,90ceA7nv59h8yViP5nYgEV7UcO4=
-25,-8,BSkb5NZyMLl58j2gIVkcXewMeYU=,90ceA7nv59h8yViP5nYgEV7UcO4=
-31,-5,BSkb5NZyMLl58j2gIVkcXewMeYU=,90ceA7nv59h8yViP5nYgEV7UcO4=
-19,-7,BSkb5NZyMLl58j2gIVkcXewMeYU=,PPXv/+pSJ/Gs0qesuELl3O9PTTY=
-25,-3,BSkb5NZyMLl58j2gIVkcXewMeYU=,90ceA7nv59h8yViP5nYgEV7UcO4=
-30,-5,BSkb5NZyMLl58j2gIVkcXewMeYU=,90ceA7nv59h8yViP5nYgEV7UcO4=
-26,-2,BSkb5NZyMLl58j2gIVkcXewMeYU=,90ceA7nv59h8yViP5nYgEV7UcO4=
-22,-3,BSkb5NZyMLl58j2gIVkcXewMeYU=,PPXv/+pSJ/Gs0qesuELl3O9PTTY=
-25,-4,BSkb5NZyMLl58j2gIVkcXewMeYU=,90ceA7nv59h8yViP5nYgEV7UcO4=
-31,-4,BSkb5NZyMLl58j2gIVkcXewMeYU=,90ceA7nv59h8yViP5nYgEV7UcO4=
-32,-4,BSkb5NZyMLl58j2gIVkcXewMeYU=,90ceA7nv59h8yViP5nYgEV7UcO4=
-27,-2,BSkb5NZyMLl58j2gIVkcXewMeYU=,90ceA7nv59h8yViP5nYgEV7UcO4=
-29,-5,BSkb5NZyMLl58j2gIVkcXewMeYU=,90ceA7nv59h8yViP5nYgEV7UcO4=
-18,-2,BSkb5NZyMLl58j2gIVkcXewMeYU=,PPXv/+pSJ/Gs0qesuELl3O9PTTY=
-21,-3,BSkb5NZyMLl58j2gIVkcXewMeYU=,PPXv/+pSJ/Gs0qesuELl3O9PTTY=
-25,-5,BSkb5NZyMLl58j2gIVkcXewMeYU=,90ceA7nv59h8yViP5nYgEV7UcO4=
-28,-6,BSkb5NZyMLl58j2gIVkcXewMeYU=,90ceA7nv59h8yViP5nYgEV7UcO4=
-17,-2,BSkb5NZyMLl58j2gIVkcXewMeYU=,PPXv/+pSJ/Gs0qesuELl3O9PTTY=
-27,-6,BSkb5NZyMLl58j2gIVkcXewMeYU=,90ceA7nv59h8yViP5nYgEV7UcO4=
-28,-2,BSkb5NZyMLl58j2gIVkcXewMeYU=,90ceA7nv59h8yViP5nYgEV7UcO4=
-26,-6,BSkb5NZyMLl58j2gIVkcXewMeYU=,90ceA7nv59h8yViP5nYgEV7UcO4=
-19,-2,BSkb5NZyMLl58j2gIVkcXewMeYU=,PPXv/+pSJ/Gs0qesuELl3O9PTTY=
-28,-5,BSkb5NZyMLl58j2gIVkcXewMeYU=,90ceA7nv59h8yViP5nYgEV7UcO4=
-27,-5,BSkb5NZyMLl58j2gIVkcXewMeYU=,90ceA7nv59h8yViP5nYgEV7UcO4=
-26,-3,BSkb5NZyMLl58j2gIVkcXewMeYU=,90ceA7nv59h8yViP5nYgEV7UcO4=
-23,-1,BSkb5NZyMLl58j2gIVkcXewMeYU=,PPXv/+pSJ/Gs0qesuELl3O9PTTY=
-17,-1,BSkb5NZyMLl58j2gIVkcXewMeYU=,PPXv/+pSJ/Gs0qesuELl3O9PTTY=
-26,-5,BSkb5NZyMLl58j2gIVkcXewMeYU=,90ceA7nv59h8yViP5nYgEV7UcO4=
-28,-3,BSkb5NZyMLl58j2gIVkcXewMeYU=,90ceA7nv59h8yViP5nYgEV7UcO4=
-28,-4,BSkb5NZyMLl58j2gIVkcXewMeYU=,90ceA7nv59h8yViP5nYgEV7UcO4=
-27,-3,BSkb5NZyMLl58j2gIVkcXewMeYU=,90ceA7nv59h8yViP5nYgEV7UcO4=
-20,-2,BSkb5NZyMLl58j2gIVkcXewMeYU=,PPXv/+pSJ/Gs0qesuELl3O9PTTY=
-20,-3,BSkb5NZyMLl58j2gIVkcXewMeYU=,PPXv/+pSJ/Gs0qesuELl3O9PTTY=
-27,-4,BSkb5NZyMLl58j2gIVkcXewMeYU=,90ceA7nv59h8yViP5nYgEV7UcO4=
-26,-4,BSkb5NZyMLl58j2gIVkcXewMeYU=,90ceA7nv59h8yViP5nYgEV7UcO4=
-24,-5,BSkb5NZyMLl58j2gIVkcXewMeYU=,PPXv/+pSJ/Gs0qesuELl3O9PTTY=
-19,-3,BSkb5NZyMLl58j2gIVkcXewMeYU=,PPXv/+pSJ/Gs0qesuELl3O9PTTY=
-21,-2,BSkb5NZyMLl58j2gIVkcXewMeYU=,PPXv/+pSJ/Gs0qesuELl3O9PTTY=
-23,-3,BSkb5NZyMLl58j2gIVkcXewMeYU=,PPXv/+pSJ/Gs0qesuELl3O9PTTY=
-22,-2,BSkb5NZyMLl58j2gIVkcXewMeYU=,PPXv/+pSJ/Gs0qesuELl3O9PTTY=
-24,-3,BSkb5NZyMLl58j2gIVkcXewMeYU=,PPXv/+pSJ/Gs0qesuELl3O9PTTY=
-23,-2,BSkb5NZyMLl58j2gIVkcXewMeYU=,PPXv/+pSJ/Gs0qesuELl3O9PTTY=
-23,-4,BSkb5NZyMLl58j2gIVkcXewMeYU=,PPXv/+pSJ/Gs0qesuELl3O9PTTY=
-18,-1,BSkb5NZyMLl58j2gIVkcXewMeYU=,PPXv/+pSJ/Gs0qesuELl3O9PTTY=
-17,-4,BSkb5NZyMLl58j2gIVkcXewMeYU=,PPXv/+pSJ/Gs0qesuELl3O9PTTY=
-19,-1,BSkb5NZyMLl58j2gIVkcXewMeYU=,PPXv/+pSJ/Gs0qesuELl3O9PTTY=
-17,-5,BSkb5NZyMLl58j2gIVkcXewMeYU=,PPXv/+pSJ/Gs0qesuELl3O9PTTY=
-24,-4,BSkb5NZyMLl58j2gIVkcXewMeYU=,PPXv/+pSJ/Gs0qesuELl3O9PTTY=
-18,-4,BSkb5NZyMLl58j2gIVkcXewMeYU=,PPXv/+pSJ/Gs0qesuELl3O9PTTY=
-19,-4,BSkb5NZyMLl58j2gIVkcXewMeYU=,PPXv/+pSJ/Gs0qesuELl3O9PTTY=
-20,-4,BSkb5NZyMLl58j2gIVkcXewMeYU=,PPXv/+pSJ/Gs0qesuELl3O9PTTY=
-20,-1,BSkb5NZyMLl58j2gIVkcXewMeYU=,PPXv/+pSJ/Gs0qesuELl3O9PTTY=
-21,-4,BSkb5NZyMLl58j2gIVkcXewMeYU=,PPXv/+pSJ/Gs0qesuELl3O9PTTY=
-18,-5,BSkb5NZyMLl58j2gIVkcXewMeYU=,PPXv/+pSJ/Gs0qesuELl3O9PTTY=
-24,-2,BSkb5NZyMLl58j2gIVkcXewMeYU=,PPXv/+pSJ/Gs0qesuELl3O9PTTY=
-19,-5,BSkb5NZyMLl58j2gIVkcXewMeYU=,PPXv/+pSJ/Gs0qesuELl3O9PTTY=
-20,-5,BSkb5NZyMLl58j2gIVkcXewMeYU=,PPXv/+pSJ/Gs0qesuELl3O9PTTY=
-22,-1,BSkb5NZyMLl58j2gIVkcXewMeYU=,PPXv/+pSJ/Gs0qesuELl3O9PTTY=
-21,-1,BSkb5NZyMLl58j2gIVkcXewMeYU=,PPXv/+pSJ/Gs0qesuELl3O9PTTY=
-21,-5,BSkb5NZyMLl58j2gIVkcXewMeYU=,PPXv/+pSJ/Gs0qesuELl3O9PTTY=
-17,-3,BSkb5NZyMLl58j2gIVkcXewMeYU=,PPXv/+pSJ/Gs0qesuELl3O9PTTY=
-22,-4,BSkb5NZyMLl58j2gIVkcXewMeYU=,PPXv/+pSJ/Gs0qesuELl3O9PTTY=
-23,-5,BSkb5NZyMLl58j2gIVkcXewMeYU=,PPXv/+pSJ/Gs0qesuELl3O9PTTY=
-22,-5,BSkb5NZyMLl58j2gIVkcXewMeYU=,PPXv/+pSJ/Gs0qesuELl3O9PTTY=
-18,-3,BSkb5NZyMLl58j2gIVkcXewMeYU=,PPXv/+pSJ/Gs0qesuELl3O9PTTY=
