81,36,AQWlc/08mB51sFPNddgbFX0Se1U=,Jav4o/vtXBTQe5ZLbA/Kqq8sUJ8=
82,39,rtl2D+JN/NneNzeBuaPwqHTfOVE=,Jav4o/vtXBTQe5ZLbA/Kqq8sUJ8=
82,36,rtl2D+JN/NneNzeBuaPwqHTfOVE=,Jav4o/vtXBTQe5ZLbA/Kqq8sUJ8=
86,34,rtl2D+JN/NneNzeBuaPwqHTfOVE=,Jav4o/vtXBTQe5ZLbA/Kqq8sUJ8=
85,34,SaMpmmwulK+AFSkFfJqg+ZDfZLM=,Jav4o/vtXBTQe5ZLbA/Kqq8sUJ8=
82,38,SaMpmmwulK+AFSkFfJqg+ZDfZLM=,Jav4o/vtXBTQe5ZLbA/Kqq8sUJ8=
85,33,SaMpmmwulK+AFSkFfJqg+ZDfZLM=,Jav4o/vtXBTQe5ZLbA/Kqq8sUJ8=
84,33,SaMpmmwulK+AFSkFfJqg+ZDfZLM=,Jav4o/vtXBTQe5ZLbA/Kqq8sUJ8=
82,37,SaMpmmwulK+AFSkFfJqg+ZDfZLM=,Jav4o/vtXBTQe5ZLbA/Kqq8sUJ8=
81,39,SaMpmmwulK+AFSkFfJqg+ZDfZLM=,Jav4o/vtXBTQe5ZLbA/Kqq8sUJ8=
84,34,SaMpmmwulK+AFSkFfJqg+ZDfZLM=,Jav4o/vtXBTQe5ZLbA/Kqq8sUJ8=
81,37,SaMpmmwulK+AFSkFfJqg+ZDfZLM=,Jav4o/vtXBTQe5ZLbA/Kqq8sUJ8=
83,33,kFu7gD9yf7q/+DnFJfTmXYpE3lY=,Jav4o/vtXBTQe5ZLbA/Kqq8sUJ8=
81,38,kFu7gD9yf7q/+DnFJfTmXYpE3lY=,Jav4o/vtXBTQe5ZLbA/Kqq8sUJ8=
83,34,kFu7gD9yf7q/+DnFJfTmXYpE3lY=,Jav4o/vtXBTQe5ZLbA/Kqq8sUJ8=
82,34,kFu7gD9yf7q/+DnFJfTmXYpE3lY=,Jav4o/vtXBTQe5ZLbA/Kqq8sUJ8=
82,33,nFbpugAJ4wZNkWJZlC0bocdDuGQ=,Jav4o/vtXBTQe5ZLbA/Kqq8sUJ8=
86,37,nFbpugAJ4wZNkWJZlC0bocdDuGQ=,Jav4o/vtXBTQe5ZLbA/Kqq8sUJ8=
81,33,nFbpugAJ4wZNkWJZlC0bocdDuGQ=,Jav4o/vtXBTQe5ZLbA/Kqq8sUJ8=
81,34,//wkUhghY5R8vMN5LQD23dwwFyo=,Jav4o/vtXBTQe5ZLbA/Kqq8sUJ8=
86,38,//wkUhghY5R8vMN5LQD23dwwFyo=,Jav4o/vtXBTQe5ZLbA/Kqq8sUJ8=
85,38,//wkUhghY5R8vMN5LQD23dwwFyo=,Jav4o/vtXBTQe5ZLbA/Kqq8sUJ8=
85,37,//wkUhghY5R8vMN5LQD23dwwFyo=,Jav4o/vtXBTQe5ZLbA/Kqq8sUJ8=
84,38,//wkUhghY5R8vMN5LQD23dwwFyo=,Jav4o/vtXBTQe5ZLbA/Kqq8sUJ8=
83,38,//wkUhghY5R8vMN5LQD23dwwFyo=,Jav4o/vtXBTQe5ZLbA/Kqq8sUJ8=
86,36,//wkUhghY5R8vMN5LQD23dwwFyo=,Jav4o/vtXBTQe5ZLbA/Kqq8sUJ8=
86,35,//wkUhghY5R8vMN5LQD23dwwFyo=,Jav4o/vtXBTQe5ZLbA/Kqq8sUJ8=
85,35,//wkUhghY5R8vMN5LQD23dwwFyo=,Jav4o/vtXBTQe5ZLbA/Kqq8sUJ8=
86,39,//wkUhghY5R8vMN5LQD23dwwFyo=,Jav4o/vtXBTQe5ZLbA/Kqq8sUJ8=
84,35,//wkUhghY5R8vMN5LQD23dwwFyo=,Jav4o/vtXBTQe5ZLbA/Kqq8sUJ8=
85,39,//wkUhghY5R8vMN5LQD23dwwFyo=,Jav4o/vtXBTQe5ZLbA/Kqq8sUJ8=
83,35,//wkUhghY5R8vMN5LQD23dwwFyo=,Jav4o/vtXBTQe5ZLbA/Kqq8sUJ8=
84,37,//wkUhghY5R8vMN5LQD23dwwFyo=,Jav4o/vtXBTQe5ZLbA/Kqq8sUJ8=
82,35,//wkUhghY5R8vMN5LQD23dwwFyo=,Jav4o/vtXBTQe5ZLbA/Kqq8sUJ8=
81,35,//wkUhghY5R8vMN5LQD23dwwFyo=,Jav4o/vtXBTQe5ZLbA/Kqq8sUJ8=
84,39,//wkUhghY5R8vMN5LQD23dwwFyo=,Jav4o/vtXBTQe5ZLbA/Kqq8sUJ8=
83,39,//wkUhghY5R8vMN5LQD23dwwFyo=,Jav4o/vtXBTQe5ZLbA/Kqq8sUJ8=
85,36,//wkUhghY5R8vMN5LQD23dwwFyo=,Jav4o/vtXBTQe5ZLbA/Kqq8sUJ8=
83,37,//wkUhghY5R8vMN5LQD23dwwFyo=,Jav4o/vtXBTQe5ZLbA/Kqq8sUJ8=
84,36,//wkUhghY5R8vMN5LQD23dwwFyo=,Jav4o/vtXBTQe5ZLbA/Kqq8sUJ8=
83,36,//wkUhghY5R8vMN5LQD23dwwFyo=,Jav4o/vtXBTQe5ZLbA/Kqq8sUJ8=
80,35,//wkUhghY5R8vMN5LQD23dwwFyo=,Jav4o/vtXBTQe5ZLbA/Kqq8sUJ8=
80,34,//wkUhghY5R8vMN5LQD23dwwFyo=,Jav4o/vtXBTQe5ZLbA/Kqq8sUJ8=
80,33,//wkUhghY5R8vMN5LQD23dwwFyo=,Jav4o/vtXBTQe5ZLbA/Kqq8sUJ8=
80,38,//wkUhghY5R8vMN5LQD23dwwFyo=,Jav4o/vtXBTQe5ZLbA/Kqq8sUJ8=
80,37,//wkUhghY5R8vMN5LQD23dwwFyo=,Jav4o/vtXBTQe5ZLbA/Kqq8sUJ8=
80,36,//wkUhghY5R8vMN5LQD23dwwFyo=,Jav4o/vtXBTQe5ZLbA/Kqq8sUJ8=
80,39,//wkUhghY5R8vMN5LQD23dwwFyo=,Jav4o/vtXBTQe5ZLbA/Kqq8sUJ8=
87,34,//wkUhghY5R8vMN5LQD23dwwFyo=,Jav4o/vtXBTQe5ZLbA/Kqq8sUJ8=
88,38,//wkUhghY5R8vMN5LQD23dwwFyo=,efR6sc25Rnngi1u0PEHpzcThXhE=
89,38,//wkUhghY5R8vMN5LQD23dwwFyo=,efR6sc25Rnngi1u0PEHpzcThXhE=
90,38,//wkUhghY5R8vMN5LQD23dwwFyo=,efR6sc25Rnngi1u0PEHpzcThXhE=
87,39,//wkUhghY5R8vMN5LQD23dwwFyo=,Jav4o/vtXBTQe5ZLbA/Kqq8sUJ8=
91,38,//wkUhghY5R8vMN5LQD23dwwFyo=,efR6sc25Rnngi1u0PEHpzcThXhE=
92,38,//wkUhghY5R8vMN5LQD23dwwFyo=,efR6sc25Rnngi1u0PEHpzcThXhE=
93,38,//wkUhghY5R8vMN5LQD23dwwFyo=,efR6sc25Rnngi1u0PEHpzcThXhE=
94,38,//wkUhghY5R8vMN5LQD23dwwFyo=,efR6sc25Rnngi1u0PEHpzcThXhE=
95,38,//wkUhghY5R8vMN5LQD23dwwFyo=,efR6sc25Rnngi1u0PEHpzcThXhE=
88,39,//wkUhghY5R8vMN5LQD23dwwFyo=,efR6sc25Rnngi1u0PEHpzcThXhE=
92,32,//wkUhghY5R8vMN5LQD23dwwFyo=,efR6sc25Rnngi1u0PEHpzcThXhE=
93,32,//wkUhghY5R8vMN5LQD23dwwFyo=,efR6sc25Rnngi1u0PEHpzcThXhE=
94,32,//wkUhghY5R8vMN5LQD23dwwFyo=,efR6sc25Rnngi1u0PEHpzcThXhE=
89,39,//wkUhghY5R8vMN5LQD23dwwFyo=,efR6sc25Rnngi1u0PEHpzcThXhE=
95,32,//wkUhghY5R8vMN5LQD23dwwFyo=,efR6sc25Rnngi1u0PEHpzcThXhE=
90,39,//wkUhghY5R8vMN5LQD23dwwFyo=,efR6sc25Rnngi1u0PEHpzcThXhE=
93,33,//wkUhghY5R8vMN5LQD23dwwFyo=,efR6sc25Rnngi1u0PEHpzcThXhE=
94,33,//wkUhghY5R8vMN5LQD23dwwFyo=,efR6sc25Rnngi1u0PEHpzcThXhE=
95,33,//wkUhghY5R8vMN5LQD23dwwFyo=,efR6sc25Rnngi1u0PEHpzcThXhE=
88,34,//wkUhghY5R8vMN5LQD23dwwFyo=,efR6sc25Rnngi1u0PEHpzcThXhE=
91,39,//wkUhghY5R8vMN5LQD23dwwFyo=,efR6sc25Rnngi1u0PEHpzcThXhE=
92,39,//wkUhghY5R8vMN5LQD23dwwFyo=,efR6sc25Rnngi1u0PEHpzcThXhE=
93,39,//wkUhghY5R8vMN5LQD23dwwFyo=,efR6sc25Rnngi1u0PEHpzcThXhE=
94,39,//wkUhghY5R8vMN5LQD23dwwFyo=,efR6sc25Rnngi1u0PEHpzcThXhE=
87,38,//wkUhghY5R8vMN5LQD23dwwFyo=,Jav4o/vtXBTQe5ZLbA/Kqq8sUJ8=
95,34,//wkUhghY5R8vMN5LQD23dwwFyo=,efR6sc25Rnngi1u0PEHpzcThXhE=
95,39,//wkUhghY5R8vMN5LQD23dwwFyo=,efR6sc25Rnngi1u0PEHpzcThXhE=
88,35,//wkUhghY5R8vMN5LQD23dwwFyo=,efR6sc25Rnngi1u0PEHpzcThXhE=
87,37,//wkUhghY5R8vMN5LQD23dwwFyo=,Jav4o/vtXBTQe5ZLbA/Kqq8sUJ8=
89,35,//wkUhghY5R8vMN5LQD23dwwFyo=,efR6sc25Rnngi1u0PEHpzcThXhE=
88,36,//wkUhghY5R8vMN5LQD23dwwFyo=,efR6sc25Rnngi1u0PEHpzcThXhE=
89,36,//wkUhghY5R8vMN5LQD23dwwFyo=,efR6sc25Rnngi1u0PEHpzcThXhE=
90,36,//wkUhghY5R8vMN5LQD23dwwFyo=,efR6sc25Rnngi1u0PEHpzcThXhE=
91,36,//wkUhghY5R8vMN5LQD23dwwFyo=,efR6sc25Rnngi1u0PEHpzcThXhE=
87,35,//wkUhghY5R8vMN5LQD23dwwFyo=,Jav4o/vtXBTQe5ZLbA/Kqq8sUJ8=
92,36,//wkUhghY5R8vMN5LQD23dwwFyo=,efR6sc25Rnngi1u0PEHpzcThXhE=
87,36,//wkUhghY5R8vMN5LQD23dwwFyo=,Jav4o/vtXBTQe5ZLbA/Kqq8sUJ8=
88,37,//wkUhghY5R8vMN5LQD23dwwFyo=,efR6sc25Rnngi1u0PEHpzcThXhE=
89,37,//wkUhghY5R8vMN5LQD23dwwFyo=,efR6sc25Rnngi1u0PEHpzcThXhE=
90,37,//wkUhghY5R8vMN5LQD23dwwFyo=,efR6sc25Rnngi1u0PEHpzcThXhE=
95,36,//wkUhghY5R8vMN5LQD23dwwFyo=,efR6sc25Rnngi1u0PEHpzcThXhE=
94,37,//wkUhghY5R8vMN5LQD23dwwFyo=,efR6sc25Rnngi1u0PEHpzcThXhE=
93,37,//wkUhghY5R8vMN5LQD23dwwFyo=,efR6sc25Rnngi1u0PEHpzcThXhE=
92,37,//wkUhghY5R8vMN5LQD23dwwFyo=,efR6sc25Rnngi1u0PEHpzcThXhE=
91,37,//wkUhghY5R8vMN5LQD23dwwFyo=,efR6sc25Rnngi1u0PEHpzcThXhE=
94,36,//wkUhghY5R8vMN5LQD23dwwFyo=,efR6sc25Rnngi1u0PEHpzcThXhE=
95,37,//wkUhghY5R8vMN5LQD23dwwFyo=,efR6sc25Rnngi1u0PEHpzcThXhE=
92,33,//wkUhghY5R8vMN5LQD23dwwFyo=,efR6sc25Rnngi1u0PEHpzcThXhE=
93,36,//wkUhghY5R8vMN5LQD23dwwFyo=,efR6sc25Rnngi1u0PEHpzcThXhE=
92,34,//wkUhghY5R8vMN5LQD23dwwFyo=,efR6sc25Rnngi1u0PEHpzcThXhE=
93,34,//wkUhghY5R8vMN5LQD23dwwFyo=,efR6sc25Rnngi1u0PEHpzcThXhE=
94,34,//wkUhghY5R8vMN5LQD23dwwFyo=,efR6sc25Rnngi1u0PEHpzcThXhE=
92,35,//wkUhghY5R8vMN5LQD23dwwFyo=,efR6sc25Rnngi1u0PEHpzcThXhE=
80,32,//wkUhghY5R8vMN5LQD23dwwFyo=,Jav4o/vtXBTQe5ZLbA/Kqq8sUJ8=
84,32,//wkUhghY5R8vMN5LQD23dwwFyo=,Jav4o/vtXBTQe5ZLbA/Kqq8sUJ8=
81,32,//wkUhghY5R8vMN5LQD23dwwFyo=,Jav4o/vtXBTQe5ZLbA/Kqq8sUJ8=
95,35,//wkUhghY5R8vMN5LQD23dwwFyo=,efR6sc25Rnngi1u0PEHpzcThXhE=
83,32,//wkUhghY5R8vMN5LQD23dwwFyo=,Jav4o/vtXBTQe5ZLbA/Kqq8sUJ8=
82,32,//wkUhghY5R8vMN5LQD23dwwFyo=,Jav4o/vtXBTQe5ZLbA/Kqq8sUJ8=
93,35,//wkUhghY5R8vMN5LQD23dwwFyo=,efR6sc25Rnngi1u0PEHpzcThXhE=
86,33,//wkUhghY5R8vMN5LQD23dwwFyo=,Jav4o/vtXBTQe5ZLbA/Kqq8sUJ8=
89,32,//wkUhghY5R8vMN5LQD23dwwFyo=,efR6sc25Rnngi1u0PEHpzcThXhE=
90,32,//wkUhghY5R8vMN5LQD23dwwFyo=,efR6sc25Rnngi1u0PEHpzcThXhE=
85,32,//wkUhghY5R8vMN5LQD23dwwFyo=,Jav4o/vtXBTQe5ZLbA/Kqq8sUJ8=
87,33,//wkUhghY5R8vMN5LQD23dwwFyo=,Jav4o/vtXBTQe5ZLbA/Kqq8sUJ8=
91,32,//wkUhghY5R8vMN5LQD23dwwFyo=,efR6sc25Rnngi1u0PEHpzcThXhE=
88,33,//wkUhghY5R8vMN5LQD23dwwFyo=,efR6sc25Rnngi1u0PEHpzcThXhE=
89,33,//wkUhghY5R8vMN5LQD23dwwFyo=,efR6sc25Rnngi1u0PEHpzcThXhE=
87,32,//wkUhghY5R8vMN5LQD23dwwFyo=,Jav4o/vtXBTQe5ZLbA/Kqq8sUJ8=
89,34,//wkUhghY5R8vMN5LQD23dwwFyo=,efR6sc25Rnngi1u0PEHpzcThXhE=
90,34,//wkUhghY5R8vMN5LQD23dwwFyo=,efR6sc25Rnngi1u0PEHpzcThXhE=
91,33,//wkUhghY5R8vMN5LQD23dwwFyo=,efR6sc25Rnngi1u0PEHpzcThXhE=
90,35,//wkUhghY5R8vMN5LQD23dwwFyo=,efR6sc25Rnngi1u0PEHpzcThXhE=
91,35,//wkUhghY5R8vMN5LQD23dwwFyo=,efR6sc25Rnngi1u0PEHpzcThXhE=
91,34,//wkUhghY5R8vMN5LQD23dwwFyo=,efR6sc25Rnngi1u0PEHpzcThXhE=
88,32,//wkUhghY5R8vMN5LQD23dwwFyo=,efR6sc25Rnngi1u0PEHpzcThXhE=
90,33,//wkUhghY5R8vMN5LQD23dwwFyo=,efR6sc25Rnngi1u0PEHpzcThXhE=
94,35,//wkUhghY5R8vMN5LQD23dwwFyo=,efR6sc25Rnngi1u0PEHpzcThXhE=
86,32,//wkUhghY5R8vMN5LQD23dwwFyo=,Jav4o/vtXBTQe5ZLbA/Kqq8sUJ8=
